Direktmandat 2021,SPD,CDU I CSU,GRÜNE,FDP,AFD,LINKE,Erst,ZWEIT,DRITT,viert,fünft,sechs,,,,,Wahlkreis,ID,Election District,Tendenz aktuell
"Robert Habeck, GRÜNE",4,60,31,0,2,0,SPD,CDU I CSU,GRÜNE,FDP,AFD,LINKE,,,,,1 Flensburg – Schleswig,1,Flensburg – Schleswig,Eher sicher für CDU/CSU
"Astrid Damerow, CDU",10,80,4,1,2,0,SPD,CDU I CSU,GRÜNE,FDP,AFD,LINKE,,,,,2 Nordfriesland – Dithmarschen Nord,2,Nordfriesland – Dithmarschen Nord,Sicher für CDU/CSU
"Mark Helfrich, CDU",11,78,4,1,2,0,SPD,CDU I CSU,GRÜNE,FDP,AFD,LINKE,,,,,3 Steinburg – Dithmarschen Süd,3,Steinburg – Dithmarschen Süd,Sicher für CDU/CSU
"Sönke Rix, SPD",18,72,3,1,3,0,SPD,CDU I CSU,GRÜNE,FDP,AFD,LINKE,,,,,4 Rendsburg-Eckernförde,4,Rendsburg-Eckernförde,Sicher für CDU/CSU
"Jens Mathias Stein, SPD",20,50,23,1,2,1,SPD,CDU I CSU,GRÜNE,FDP,AFD,LINKE,,,,,5 Kiel,5,Kiel,Eher unsicher für CDU/CSU
"Kristian Klinck, SPD",19,71,4,0,2,0,SPD,CDU I CSU,GRÜNE,FDP,AFD,LINKE,,,,,6 Plön – Neumünster,6,Plön – Neumünster,Sicher für CDU/CSU
"Ralf Stegner, SPD",20,69,4,1,2,1,SPD,CDU I CSU,GRÜNE,FDP,AFD,LINKE,,,,,7 Pinneberg,7,Pinneberg,Sicher für CDU/CSU
"Bengt Axel Bergt, SPD",19,72,3,1,2,0,SPD,CDU I CSU,GRÜNE,FDP,AFD,LINKE,,,,,8 Segeberg – Stormarn-Mitte,8,Segeberg – Stormarn-Mitte,Sicher für CDU/CSU
"Bettina Hagedorn, SPD",21,69,3,0,3,0,SPD,CDU I CSU,GRÜNE,FDP,AFD,LINKE,,,,,9 Ostholstein – Stormarn-Nord,9,Ostholstein – Stormarn-Nord,Sicher für CDU/CSU
"Nina Scheer, SPD",19,69,5,1,3,0,SPD,CDU I CSU,GRÜNE,FDP,AFD,LINKE,,,,,10 Herzogtum Lauenburg – Stormarn-Süd,10,Herzogtum Lauenburg – Stormarn-Süd,Sicher für CDU/CSU
"Tim Klüssendorf, SPD",28,58,7,0,2,0,SPD,CDU I CSU,GRÜNE,FDP,AFD,LINKE,,,,,11 Lübeck,11,Lübeck,Eher sicher für CDU/CSU
"Reem Alabali-Radovan, SPD",12,54,1,0,25,2,SPD,CDU I CSU,GRÜNE,FDP,AFD,LINKE,,,,,12 Schwerin – Ludwigslust-Parchim I – Nordwestmecklenburg I,12,Schwerin – Ludwigslust-Parchim I – Nordwestmecklenburg I,Eher unsicher für CDU/CSU
"Frank Michael Junge, SPD",17,21,1,0,53,1,SPD,CDU I CSU,GRÜNE,FDP,AFD,LINKE,,,,,13 Ludwigslust-Parchim II – Nordwestmecklenburg II – Landkreis Rostock I,13,Ludwigslust-Parchim II – Nordwestmecklenburg II – Landkreis Rostock I,Too-close-to-call für CDU/CSU
"Katrin Zschau, SPD",12,44,2,1,8,2,SPD,CDU I CSU,GRÜNE,FDP,AFD,LINKE,,,,,14 Rostock – Landkreis Rostock II,14,Rostock – Landkreis Rostock II,Eher sicher für CDU/CSU
"Anna Katharina Kassautzki, SPD",9,23,2,0,57,1,SPD,CDU I CSU,GRÜNE,FDP,AFD,LINKE,,,,,15 Vorpommern-Rügen – Vorpommern-Greifswald I,15,Vorpommern-Rügen – Vorpommern-Greifswald I,Too-close-to-call für CDU/CSU
"Erik Malottki, SPD",9,18,1,0,62,1,SPD,CDU I CSU,GRÜNE,FDP,AFD,LINKE,,,,,16 Mecklenburgische Seenplatte I – Vorpommern-Greifswald II,16,Mecklenburgische Seenplatte I – Vorpommern-Greifswald II,Eher unsicher für AFD
"Johannes Arlt, SPD",11,28,1,0,55,1,SPD,CDU I CSU,GRÜNE,FDP,AFD,LINKE,,,,,17 Mecklenburgische Seenplatte II – Landkreis Rostock III,17,Mecklenburgische Seenplatte II – Landkreis Rostock III,Too-close-to-call für CDU/CSU
"Falko Droßmann, SPD",66,7,20,0,2,2,SPD,CDU I CSU,GRÜNE,FDP,AFD,LINKE,,,,,18 Hamburg-Mitte,18,Hamburg-Mitte,Too-close-to-call für SPD
"Linda Heitmann, GRÜNE",23,10,60,0,2,2,SPD,CDU I CSU,GRÜNE,FDP,AFD,LINKE,,,,,19 Hamburg-Altona,19,Hamburg-Altona,Eher unsicher für GRÜNE
"Till Benjamin Steffen, GRÜNE",25,11,58,0,1,2,SPD,CDU I CSU,GRÜNE,FDP,AFD,LINKE,,,,,20 Hamburg-Eimsbüttel,20,Hamburg-Eimsbüttel,Eher unsicher für GRÜNE
"Dorothee Katja Julia Martin, SPD",28,47,18,0,1,1,SPD,CDU I CSU,GRÜNE,FDP,AFD,LINKE,,,,,21 Hamburg-Nord,21,Hamburg-Nord,Eher unsicher für CDU/CSU
"Saliha Aydan Özoğuz, SPD",71,17,4,1,3,1,SPD,CDU I CSU,GRÜNE,FDP,AFD,LINKE,,,,,22 Hamburg-Wandsbek,22,Hamburg-Wandsbek,Too-close-to-call für SPD
"Metin Hakverdi, SPD",77,12,3,0,3,1,SPD,CDU I CSU,GRÜNE,FDP,AFD,LINKE,,,,,23 Hamburg-Bergedorf – Harburg,23,Hamburg-Bergedorf – Harburg,Eher unsicher für SPD
"Johann Saathoff, SPD",82,10,2,0,2,0,SPD,CDU I CSU,GRÜNE,FDP,AFD,LINKE,,,,,24 Aurich – Emden,24,Aurich – Emden,Sicher für SPD
"Gitta Connemann, CDU",8,84,2,0,2,0,SPD,CDU I CSU,GRÜNE,FDP,AFD,LINKE,,,,,25 Unterems,25,Unterems,Sicher für CDU/CSU
"Siemtje Victoria Regine Ilse Santjer Möller, SPD",70,22,2,0,3,0,SPD,CDU I CSU,GRÜNE,FDP,AFD,LINKE,,,,,26 Friesland – Wilhelmshaven – Wittmund,26,Friesland – Wilhelmshaven – Wittmund,Too-close-to-call für SPD
"Dennis Rohde, SPD",61,28,4,0,2,1,SPD,CDU I CSU,GRÜNE,FDP,AFD,LINKE,,,,,27 Oldenburg – Ammerland,27,Oldenburg – Ammerland,Eher unsicher für CDU/CSU
"Susanne Mittag, SPD",33,57,3,1,2,0,SPD,CDU I CSU,GRÜNE,FDP,AFD,LINKE,,,,,28 Delmenhorst – Wesermarsch – Oldenburg-Land,28,Delmenhorst – Wesermarsch – Oldenburg-Land,Eher sicher für CDU/CSU
"Daniel Dominik Schneider, SPD",25,66,3,0,2,0,SPD,CDU I CSU,GRÜNE,FDP,AFD,LINKE,,,,,29 Cuxhaven – Stade II,29,Cuxhaven – Stade II,Sicher für CDU/CSU
"Oliver Klaus Grundmann, CDU",13,79,3,0,2,0,SPD,CDU I CSU,GRÜNE,FDP,AFD,LINKE,,,,,30 Stade I – Rotenburg II,30,Stade I – Rotenburg II,Sicher für CDU/CSU
"Albert Stegemann, CDU",9,83,2,1,1,0,SPD,CDU I CSU,GRÜNE,FDP,AFD,LINKE,,,,,31 Mittelems,31,Mittelems,Sicher für CDU/CSU
"Silvia Maria Breher, CDU",4,89,2,0,2,0,SPD,CDU I CSU,GRÜNE,FDP,AFD,LINKE,,,,,32 Cloppenburg – Vechta,32,Cloppenburg – Vechta,Sicher für CDU/CSU
"Axel Knoerig, CDU",14,77,3,0,2,0,SPD,CDU I CSU,GRÜNE,FDP,AFD,LINKE,,,,,33 Diepholz – Nienburg I,33,Diepholz – Nienburg I,Sicher für CDU/CSU
"Andreas Mattfeldt, CDU",16,76,3,1,0,1,SPD,CDU I CSU,GRÜNE,FDP,AFD,LINKE,,,,,34 Osterholz – Verden,34,Osterholz – Verden,Sicher für CDU/CSU
"Lars Klingbeil, SPD",66,27,2,0,2,0,SPD,CDU I CSU,GRÜNE,FDP,AFD,LINKE,,,,,35 Rotenburg I – Heidekreis,35,Rotenburg I – Heidekreis,Too-close-to-call für CDU/CSU
"Svenja Stadler, SPD",21,69,3,0,2,0,SPD,CDU I CSU,GRÜNE,FDP,AFD,LINKE,,,,,36 Harburg,36,Harburg,Sicher für CDU/CSU
"Jakob Blankenburg, SPD",17,61,16,0,2,1,SPD,CDU I CSU,GRÜNE,FDP,AFD,LINKE,,,,,37 Lüchow-Dannenberg – Lüneburg,37,Lüchow-Dannenberg – Lüneburg,Eher sicher für CDU/CSU
"André Berghegger, CDU",11,79,4,1,2,0,SPD,CDU I CSU,GRÜNE,FDP,AFD,LINKE,,,,,38 Osnabrück-Land,38,Osnabrück-Land,Sicher für CDU/CSU
"Manuel Gava, SPD",21,68,5,0,1,1,SPD,CDU I CSU,GRÜNE,FDP,AFD,LINKE,,,,,39 Stadt Osnabrück,39,Stadt Osnabrück,Sicher für CDU/CSU
"Marja-Liisa Völlers, SPD",27,64,3,0,2,0,SPD,CDU I CSU,GRÜNE,FDP,AFD,LINKE,,,,,40 Nienburg II – Schaumburg,40,Nienburg II – Schaumburg,Sicher für CDU/CSU
"Adis Ahmetovic, SPD",64,23,5,0,3,0,SPD,CDU I CSU,GRÜNE,FDP,AFD,LINKE,,,,,41 Stadt Hannover I,41,Stadt Hannover I,Too-close-to-call für CDU/CSU
"Yasmin Fahimi, SPD",66,18,10,1,2,1,SPD,CDU I CSU,GRÜNE,FDP,AFD,LINKE,,,,,42 Stadt Hannover II,42,Stadt Hannover II,Too-close-to-call für SPD
"Rebecca Schamber, SPD",26,65,3,0,3,0,SPD,CDU I CSU,GRÜNE,FDP,AFD,LINKE,,,,,43 Hannover-Land I,43,Hannover-Land I,Sicher für CDU/CSU
"Henning Rudolf Helmut Otte, CDU",16,74,2,1,3,0,SPD,CDU I CSU,GRÜNE,FDP,AFD,LINKE,,,,,44 Celle – Uelzen,44,Celle – Uelzen,Sicher für CDU/CSU
"Wolfgang-Hubertus Heil, SPD",69,23,2,0,3,0,SPD,CDU I CSU,GRÜNE,FDP,AFD,LINKE,,,,,45 Gifhorn – Peine,45,Gifhorn – Peine,Too-close-to-call für SPD
"Johannes Schraps, SPD",64,27,3,0,3,0,SPD,CDU I CSU,GRÜNE,FDP,AFD,LINKE,,,,,46 Hameln-Pyrmont – Holzminden,46,Hameln-Pyrmont – Holzminden,Too-close-to-call für CDU/CSU
"Matthias Miersch, SPD",62,28,3,0,3,0,SPD,CDU I CSU,GRÜNE,FDP,AFD,LINKE,,,,,47 Hannover-Land II,47,Hannover-Land II,Eher unsicher für CDU/CSU
"Bernd Helmut Westphal, SPD",60,30,3,0,3,0,SPD,CDU I CSU,GRÜNE,FDP,AFD,LINKE,,,,,48 Hildesheim,48,Hildesheim,Eher unsicher für CDU/CSU
"Dunja Eleonore Angelika Kreiser, SPD",61,29,2,0,3,1,SPD,CDU I CSU,GRÜNE,FDP,AFD,LINKE,,,,,49 Salzgitter – Wolfenbüttel,49,Salzgitter – Wolfenbüttel,Eher unsicher für CDU/CSU
"Christos Pantazis, SPD",63,26,4,1,2,0,SPD,CDU I CSU,GRÜNE,FDP,AFD,LINKE,,,,,50 Braunschweig,50,Braunschweig,Too-close-to-call für CDU/CSU
"Falko Mohrs, SPD",63,28,2,0,3,0,SPD,CDU I CSU,GRÜNE,FDP,AFD,LINKE,,,,,51 Helmstedt – Wolfsburg,51,Helmstedt – Wolfsburg,Eher unsicher für CDU/CSU
"Frauke Heiligenstadt, SPD",26,65,3,0,2,0,SPD,CDU I CSU,GRÜNE,FDP,AFD,LINKE,,,,,52 Goslar – Northeim – Osterode,52,Goslar – Northeim – Osterode,Sicher für CDU/CSU
"Andreas Milan Gerhard Philippi, SPD",28,58,9,1,0,1,SPD,CDU I CSU,GRÜNE,FDP,AFD,LINKE,,,,,53 Göttingen,53,Göttingen,Eher sicher für CDU/CSU
"Sarah Janina Ryglewski, SPD",62,25,6,1,2,2,SPD,CDU I CSU,GRÜNE,FDP,AFD,LINKE,,,,,54 Bremen I,54,Bremen I,Too-close-to-call für CDU/CSU
"Uwe Schmidt, SPD",71,18,3,0,3,1,SPD,CDU I CSU,GRÜNE,FDP,AFD,LINKE,,,,,55 Bremen II – Bremerhaven,55,Bremen II – Bremerhaven,Too-close-to-call für SPD
"Wiebke Papenbrock, SPD",15,18,1,0,58,1,SPD,CDU I CSU,GRÜNE,FDP,AFD,LINKE,,,,,56 Prignitz – Ostprignitz-Ruppin – Havelland I,56,Prignitz – Ostprignitz-Ruppin – Havelland I,Too-close-to-call für AFD
"Stefan Zierke, SPD",12,10,2,1,54,1,SPD,CDU I CSU,GRÜNE,FDP,AFD,LINKE,,,,,57 Uckermark – Barnim I,57,Uckermark – Barnim I,Too-close-to-call für AFD
"Ariane Fäscher, SPD",12,21,2,0,57,1,SPD,CDU I CSU,GRÜNE,FDP,AFD,LINKE,,,,,58 Oberhavel – Havelland II,58,Oberhavel – Havelland II,Too-close-to-call für CDU/CSU
"Simona Koß, SPD",9,25,1,0,53,1,SPD,CDU I CSU,GRÜNE,FDP,AFD,LINKE,,,,,59 Märkisch-Oderland – Barnim II,59,Märkisch-Oderland – Barnim II,Too-close-to-call für CDU/CSU
"Sonja Katharina Eichwede, SPD",15,22,1,0,53,1,SPD,CDU I CSU,GRÜNE,FDP,AFD,LINKE,,,,,60 Brandenburg an der Havel – Potsdam-Mittelmark I – Havelland III – Teltow-Fläming I,60,Brandenburg an der Havel – Potsdam-Mittelmark I – Havelland III – Teltow-Fläming I,Too-close-to-call für CDU/CSU
"Olaf Scholz, SPD",73,5,4,1,5,1,SPD,CDU I CSU,GRÜNE,FDP,AFD,LINKE,,,,,61 Potsdam – Potsdam-Mittelmark II – Teltow-Fläming II,61,Potsdam – Potsdam-Mittelmark II – Teltow-Fläming II,Too-close-to-call für SPD
"Sylvia Lehmann, SPD",10,10,1,0,54,1,SPD,CDU I CSU,GRÜNE,FDP,AFD,LINKE,,,,,62 Dahme-Spreewald – Teltow-Fläming III – Oberspreewald-Lausitz I,62,Dahme-Spreewald – Teltow-Fläming III – Oberspreewald-Lausitz I,Too-close-to-call für AFD
"Mathias Papendieck, SPD",10,5,1,0,62,1,SPD,CDU I CSU,GRÜNE,FDP,AFD,LINKE,,,,,63 Frankfurt (Oder) – Oder-Spree,63,Frankfurt (Oder) – Oder-Spree,Eher sicher für AFD
"Maja Scarlett Wallstein, SPD",9,5,0,0,69,1,SPD,CDU I CSU,GRÜNE,FDP,AFD,LINKE,,,,,64 Cottbus – Spree-Neiße,64,Cottbus – Spree-Neiße,Sicher für AFD
"Hannes Artur Gerhard Walter, SPD",9,6,0,0,63,1,SPD,CDU I CSU,GRÜNE,FDP,AFD,LINKE,,,,,65 Elbe-Elster – Oberspreewald-Lausitz II,65,Elbe-Elster – Oberspreewald-Lausitz II,Eher sicher für AFD
"Herbert Wollmann, SPD",10,50,0,1,23,1,SPD,CDU I CSU,GRÜNE,FDP,AFD,LINKE,,,,,66 Altmark,66,Altmark,Too-close-to-call für CDU/CSU
"Franziska Kersten, SPD",10,56,0,0,14,1,SPD,CDU I CSU,GRÜNE,FDP,AFD,LINKE,,,,,67 Börde – Jerichower Land,67,Börde – Jerichower Land,Eher sicher für CDU/CSU
"Heike Martina Brehmer, CDU",4,69,0,0,18,1,SPD,CDU I CSU,GRÜNE,FDP,AFD,LINKE,,,,,68 Harz,68,Harz,Eher sicher für CDU/CSU
"Martin Kröber, SPD",10,44,1,0,10,1,SPD,CDU I CSU,GRÜNE,FDP,AFD,LINKE,,,,,69 Magdeburg,69,Magdeburg,Eher sicher für CDU/CSU
"Sepp Müller, CDU",3,71,1,0,18,1,SPD,CDU I CSU,GRÜNE,FDP,AFD,LINKE,,,,,70 Dessau – Wittenberg,70,Dessau – Wittenberg,Eher sicher für CDU/CSU
"Kay-Uwe Ziegler, AfD",3,20,0,0,65,2,SPD,CDU I CSU,GRÜNE,FDP,AFD,LINKE,,,,,71 Anhalt,71,Anhalt,Too-close-to-call für AFD
"Karamba Diaby, SPD",14,13,1,0,51,2,SPD,CDU I CSU,GRÜNE,FDP,AFD,LINKE,,,,,72 Halle,72,Halle,Too-close-to-call für CDU/CSU
"Dieter Stier, CDU",3,32,0,0,54,1,SPD,CDU I CSU,GRÜNE,FDP,AFD,LINKE,,,,,73 Burgenland – Saalekreis,73,Burgenland – Saalekreis,Too-close-to-call für CDU/CSU
"Robert Farle, AfD",4,21,0,1,66,1,SPD,CDU I CSU,GRÜNE,FDP,AFD,LINKE,,,,,74 Mansfeld,74,Mansfeld,Too-close-to-call für AFD
"Hanna Steinmüller, GRÜNE",14,7,70,0,3,3,SPD,CDU I CSU,GRÜNE,FDP,AFD,LINKE,,,,,75 Berlin-Mitte,75,Berlin-Mitte,Eher sicher für GRÜNE
"Stefan Gelbhaar, GRÜNE",4,5,47,1,5,3,SPD,CDU I CSU,GRÜNE,FDP,AFD,LINKE,,,,,76 Berlin-Pankow,76,Berlin-Pankow,Too-close-to-call für GRÜNE
"Monika Grütters, CDU",13,77,3,1,3,1,SPD,CDU I CSU,GRÜNE,FDP,AFD,LINKE,,,,,77 Berlin-Reinickendorf,77,Berlin-Reinickendorf,Sicher für CDU/CSU
"Helmut Kleebank, SPD",32,57,3,0,3,1,SPD,CDU I CSU,GRÜNE,FDP,AFD,LINKE,,,,,78 Berlin-Spandau – Charlottenburg Nord,78,Berlin-Spandau – Charlottenburg Nord,Eher sicher für CDU/CSU
"Thomas Heilmann, CDU",9,72,13,1,2,1,SPD,CDU I CSU,GRÜNE,FDP,AFD,LINKE,,,,,79 Berlin-Steglitz-Zehlendorf,79,Berlin-Steglitz-Zehlendorf,Sicher für CDU/CSU
"Rainer Michael Müller, SPD",25,56,12,1,2,1,SPD,CDU I CSU,GRÜNE,FDP,AFD,LINKE,,,,,80 Berlin-Charlottenburg-Wilmersdorf,80,Berlin-Charlottenburg-Wilmersdorf,Eher sicher für CDU/CSU
"Kevin Kühnert, SPD",17,56,20,1,2,1,SPD,CDU I CSU,GRÜNE,FDP,AFD,LINKE,,,,,81 Berlin-Tempelhof-Schöneberg,81,Berlin-Tempelhof-Schöneberg,Eher sicher für CDU/CSU
"Hakan Demir, SPD",27,57,7,0,3,3,SPD,CDU I CSU,GRÜNE,FDP,AFD,LINKE,,,,,82 Berlin-Neukölln,82,Berlin-Neukölln,Eher sicher für CDU/CSU
"Canan Bayram, GRÜNE",4,3,76,0,2,3,SPD,CDU I CSU,GRÜNE,FDP,AFD,LINKE,,,,,83 Berlin-Friedrichshain-Kreuzberg – Prenzlauer Berg Ost,83,Berlin-Friedrichshain-Kreuzberg – Prenzlauer Berg Ost,Sicher für GRÜNE
"Gregor Gysi, DIE LINKE",3,5,3,0,9,46,SPD,CDU I CSU,GRÜNE,FDP,AFD,LINKE,,,,,84 Berlin-Treptow-Köpenick,84,Berlin-Treptow-Köpenick,Too-close-to-call für LINKE
"Mario Czaja, CDU",2,63,1,0,15,3,SPD,CDU I CSU,GRÜNE,FDP,AFD,LINKE,,,,,85 Berlin-Marzahn-Hellersdorf,85,Berlin-Marzahn-Hellersdorf,Eher sicher für CDU/CSU
"Gesine Lötzsch, DIE LINKE",3,4,3,0,36,9,SPD,CDU I CSU,GRÜNE,FDP,AFD,LINKE,,,,,86 Berlin-Lichtenberg,86,Berlin-Lichtenberg,Too-close-to-call für AFD
"Oliver Krischer, GRÜNE",19,56,19,1,2,1,SPD,CDU I CSU,GRÜNE,FDP,AFD,LINKE,,,,,87 Aachen I,87,Aachen I,Eher sicher für CDU/CSU
"Claudia Moll, SPD",34,56,3,0,3,0,SPD,CDU I CSU,GRÜNE,FDP,AFD,LINKE,,,,,88 Aachen II,88,Aachen II,Eher sicher für CDU/CSU
"Wilfried Oellers, CDU",9,82,2,0,2,0,SPD,CDU I CSU,GRÜNE,FDP,AFD,LINKE,,,,,89 Heinsberg,89,Heinsberg,Sicher für CDU/CSU
"Thomas Walther Rachel, CDU",17,74,2,0,3,0,SPD,CDU I CSU,GRÜNE,FDP,AFD,LINKE,,,,,90 Düren,90,Düren,Sicher für CDU/CSU
"Georg Kippels, CDU",20,70,3,1,3,0,SPD,CDU I CSU,GRÜNE,FDP,AFD,LINKE,,,,,91 Rhein-Erft-Kreis I,91,Rhein-Erft-Kreis I,Sicher für CDU/CSU
"Detlef Seif, CDU",13,77,3,1,3,0,SPD,CDU I CSU,GRÜNE,FDP,AFD,LINKE,,,,,92 Euskirchen – Rhein-Erft-Kreis II,92,Euskirchen – Rhein-Erft-Kreis II,Sicher für CDU/CSU
"Sanae Abdi, SPD",29,55,8,1,3,1,SPD,CDU I CSU,GRÜNE,FDP,AFD,LINKE,,,,,93 Köln I,93,Köln I,Eher sicher für CDU/CSU
"Sven Lehmann, GRÜNE",5,56,32,1,1,1,SPD,CDU I CSU,GRÜNE,FDP,AFD,LINKE,,,,,94 Köln II,94,Köln II,Eher unsicher für CDU/CSU
"Rolf Heinrich Mützenich, SPD",61,12,20,0,3,1,SPD,CDU I CSU,GRÜNE,FDP,AFD,LINKE,,,,,95 Köln III,95,Köln III,Too-close-to-call für SPD
"Katrin Babette Uhlig, GRÜNE",18,59,15,2,2,0,SPD,CDU I CSU,GRÜNE,FDP,AFD,LINKE,,,,,96 Bonn,96,Bonn,Eher sicher für CDU/CSU
"Elisabeth Winkelmeier-Becker, CDU",15,76,3,1,2,0,SPD,CDU I CSU,GRÜNE,FDP,AFD,LINKE,,,,,97 Rhein-Sieg-Kreis I,97,Rhein-Sieg-Kreis I,Sicher für CDU/CSU
"Norbert Alois Röttgen, CDU",7,83,3,1,3,0,SPD,CDU I CSU,GRÜNE,FDP,AFD,LINKE,,,,,98 Rhein-Sieg-Kreis II,98,Rhein-Sieg-Kreis II,Sicher für CDU/CSU
"Carsten Brodesser, CDU",11,79,3,1,3,0,SPD,CDU I CSU,GRÜNE,FDP,AFD,LINKE,,,,,99 Oberbergischer Kreis,99,Oberbergischer Kreis,Sicher für CDU/CSU
"Hermann-Josef Johann Tebroke, CDU",9,78,5,2,3,0,SPD,CDU I CSU,GRÜNE,FDP,AFD,LINKE,,,,,100 Rheinisch-Bergischer Kreis,100,Rheinisch-Bergischer Kreis,Sicher für CDU/CSU
"Karl Wilhelm Lauterbach, SPD",77,14,3,0,2,0,SPD,CDU I CSU,GRÜNE,FDP,AFD,LINKE,,,,,101 Leverkusen – Köln IV,101,Leverkusen – Köln IV,Eher sicher für SPD
"Helge Frederik Lindh, SPD",68,21,3,1,3,1,SPD,CDU I CSU,GRÜNE,FDP,AFD,LINKE,,,,,102 Wuppertal I,102,Wuppertal I,Too-close-to-call für SPD
"Ingo Schäfer, SPD",28,62,3,1,3,0,SPD,CDU I CSU,GRÜNE,FDP,AFD,LINKE,,,,,103 Solingen – Remscheid – Wuppertal II,103,Solingen – Remscheid – Wuppertal II,Eher sicher für CDU/CSU
"Klaus Wiener, CDU",8,74,11,1,3,0,SPD,CDU I CSU,GRÜNE,FDP,AFD,LINKE,,,,,104 Mettmann I,104,Mettmann I,Sicher für CDU/CSU
"Peter Beyer, CDU",20,70,4,1,2,0,SPD,CDU I CSU,GRÜNE,FDP,AFD,LINKE,,,,,105 Mettmann II,105,Mettmann II,Sicher für CDU/CSU
"Thomas Jarzombek, CDU",11,77,5,1,2,0,SPD,CDU I CSU,GRÜNE,FDP,AFD,LINKE,,,,,106 Düsseldorf I,106,Düsseldorf I,Sicher für CDU/CSU
"Andreas Rimkus, SPD",27,60,6,1,2,1,SPD,CDU I CSU,GRÜNE,FDP,AFD,LINKE,,,,,107 Düsseldorf II,107,Düsseldorf II,Eher sicher für CDU/CSU
"Gottfried Hermann Gröhe, CDU",17,74,2,1,2,0,SPD,CDU I CSU,GRÜNE,FDP,AFD,LINKE,,,,,108 Neuss I,108,Neuss I,Sicher für CDU/CSU
"Günter Krings, CDU",13,78,3,0,3,0,SPD,CDU I CSU,GRÜNE,FDP,AFD,LINKE,,,,,109 Mönchengladbach,109,Mönchengladbach,Sicher für CDU/CSU
"Ansgar Guido Karl Johannes Heveling, CDU",11,78,3,1,2,0,SPD,CDU I CSU,GRÜNE,FDP,AFD,LINKE,,,,,110 Krefeld I – Neuss II,110,Krefeld I – Neuss II,Sicher für CDU/CSU
"Martin Plum, CDU",11,79,3,0,3,0,SPD,CDU I CSU,GRÜNE,FDP,AFD,LINKE,,,,,111 Viersen,111,Viersen,Sicher für CDU/CSU
"Stefan Rouenhoff, CDU",11,80,3,1,2,0,SPD,CDU I CSU,GRÜNE,FDP,AFD,LINKE,,,,,112 Kleve,112,Kleve,Sicher für CDU/CSU
"Rainer Johannes Keller, SPD",29,61,3,1,2,0,SPD,CDU I CSU,GRÜNE,FDP,AFD,LINKE,,,,,113 Wesel I,113,Wesel I,Eher sicher für CDU/CSU
"Jan Ulrich Dieren, SPD",31,59,3,1,2,0,SPD,CDU I CSU,GRÜNE,FDP,AFD,LINKE,,,,,114 Krefeld II – Wesel II,114,Krefeld II – Wesel II,Eher sicher für CDU/CSU
"Bärbel Bas, SPD",73,16,3,0,3,1,SPD,CDU I CSU,GRÜNE,FDP,AFD,LINKE,,,,,115 Duisburg I,115,Duisburg I,Eher unsicher für SPD
"Mahmut Özdemir, SPD",74,12,3,0,7,1,SPD,CDU I CSU,GRÜNE,FDP,AFD,LINKE,,,,,116 Duisburg II,116,Duisburg II,Eher sicher für SPD
"Dirk Vöpel, SPD",71,19,3,0,3,0,SPD,CDU I CSU,GRÜNE,FDP,AFD,LINKE,,,,,117 Oberhausen – Wesel III,117,Oberhausen – Wesel III,Too-close-to-call für SPD
"Sebastian Fiedler, SPD",70,20,3,1,3,0,SPD,CDU I CSU,GRÜNE,FDP,AFD,LINKE,,,,,118 Mülheim – Essen I,118,Mülheim – Essen I,Too-close-to-call für SPD
"Dirk Heidenblut, SPD",70,19,3,0,4,1,SPD,CDU I CSU,GRÜNE,FDP,AFD,LINKE,,,,,119 Essen II,119,Essen II,Too-close-to-call für SPD
"Matthias Hauer, CDU",19,71,4,0,3,0,SPD,CDU I CSU,GRÜNE,FDP,AFD,LINKE,,,,,120 Essen III,120,Essen III,Sicher für CDU/CSU
"Frank Schwabe, SPD",67,24,2,0,3,0,SPD,CDU I CSU,GRÜNE,FDP,AFD,LINKE,,,,,121 Recklinghausen I,121,Recklinghausen I,Too-close-to-call für CDU/CSU
"Brian Nickholz, SPD",60,30,2,0,3,0,SPD,CDU I CSU,GRÜNE,FDP,AFD,LINKE,,,,,122 Recklinghausen II,122,Recklinghausen II,Eher unsicher für CDU/CSU
"Markus Töns, SPD",73,11,3,1,9,0,SPD,CDU I CSU,GRÜNE,FDP,AFD,LINKE,,,,,123 Gelsenkirchen,123,Gelsenkirchen,Eher sicher für SPD
"Jens Georg Spahn, CDU",10,82,3,0,2,0,SPD,CDU I CSU,GRÜNE,FDP,AFD,LINKE,,,,,124 Steinfurt I – Borken I,124,Steinfurt I – Borken I,Sicher für CDU/CSU
"Michael Gerdes, SPD",63,27,2,0,3,0,SPD,CDU I CSU,GRÜNE,FDP,AFD,LINKE,,,,,125 Bottrop – Recklinghausen III,125,Bottrop – Recklinghausen III,Eher unsicher für CDU/CSU
"Anne König, CDU",8,84,3,1,2,0,SPD,CDU I CSU,GRÜNE,FDP,AFD,LINKE,,,,,126 Borken II,126,Borken II,Sicher für CDU/CSU
"Marc Henrichmann, CDU",7,84,4,0,1,0,SPD,CDU I CSU,GRÜNE,FDP,AFD,LINKE,,,,,127 Coesfeld – Steinfurt II,127,Coesfeld – Steinfurt II,Sicher für CDU/CSU
"Anja Maria-Antonia Karliczek, CDU",15,75,4,0,2,1,SPD,CDU I CSU,GRÜNE,FDP,AFD,LINKE,,,,,128 Steinfurt III,128,Steinfurt III,Sicher für CDU/CSU
"Maria Anna Klein-Schmeink, GRÜNE",9,60,26,0,1,0,SPD,CDU I CSU,GRÜNE,FDP,AFD,LINKE,,,,,129 Münster,129,Münster,Eher sicher für CDU/CSU
"Henning Rehbaum, CDU",14,77,3,0,2,0,SPD,CDU I CSU,GRÜNE,FDP,AFD,LINKE,,,,,130 Warendorf,130,Warendorf,Sicher für CDU/CSU
"Ralph Brinkhaus, CDU",9,83,3,0,2,0,SPD,CDU I CSU,GRÜNE,FDP,AFD,LINKE,,,,,131 Gütersloh I,131,Gütersloh I,Sicher für CDU/CSU
"Wiebke Esdar, SPD",59,26,7,1,3,1,SPD,CDU I CSU,GRÜNE,FDP,AFD,LINKE,,,,,132 Bielefeld – Gütersloh II,132,Bielefeld – Gütersloh II,Eher unsicher für CDU/CSU
"Stefan Schwartze, SPD",36,54,2,1,3,0,SPD,CDU I CSU,GRÜNE,FDP,AFD,LINKE,,,,,133 Herford – Minden-Lübbecke II,133,Herford – Minden-Lübbecke II,Eher sicher für CDU/CSU
"Achim Jürgen Post, SPD",60,30,3,1,3,0,SPD,CDU I CSU,GRÜNE,FDP,AFD,LINKE,,,,,134 Minden-Lübbecke I,134,Minden-Lübbecke I,Eher unsicher für CDU/CSU
"Jürgen Berghahn, SPD",28,61,4,1,3,0,SPD,CDU I CSU,GRÜNE,FDP,AFD,LINKE,,,,,135 Lippe I,135,Lippe I,Eher sicher für CDU/CSU
"Christian Haase, CDU",11,81,2,0,2,0,SPD,CDU I CSU,GRÜNE,FDP,AFD,LINKE,,,,,136 Höxter – Gütersloh III – Lippe II,136,Höxter – Gütersloh III – Lippe II,Sicher für CDU/CSU
"Carsten Christoffer Linnemann, CDU",4,88,3,0,2,0,SPD,CDU I CSU,GRÜNE,FDP,AFD,LINKE,,,,,137 Paderborn,137,Paderborn,Sicher für CDU/CSU
"Timo Schisanowski, SPD",34,55,3,1,3,0,SPD,CDU I CSU,GRÜNE,FDP,AFD,LINKE,,,,,138 Hagen – Ennepe-Ruhr-Kreis I,138,Hagen – Ennepe-Ruhr-Kreis I,Eher sicher für CDU/CSU
"Inaki Axel Echeverria, SPD",64,26,4,1,2,0,SPD,CDU I CSU,GRÜNE,FDP,AFD,LINKE,,,,,139 Ennepe-Ruhr-Kreis II,139,Ennepe-Ruhr-Kreis II,Eher unsicher für CDU/CSU
"Axel Helmut Schäfer, SPD",70,20,4,1,0,2,SPD,CDU I CSU,GRÜNE,FDP,AFD,LINKE,,,,,140 Bochum I,140,Bochum I,Too-close-to-call für SPD
"Michelle-Jasmin Gabriele Müntefering, SPD",79,12,3,0,3,1,SPD,CDU I CSU,GRÜNE,FDP,AFD,LINKE,,,,,141 Herne – Bochum II,141,Herne – Bochum II,Eher sicher für SPD
"Jens Peick, SPD",68,19,4,0,3,1,SPD,CDU I CSU,GRÜNE,FDP,AFD,LINKE,,,,,142 Dortmund I,142,Dortmund I,Too-close-to-call für SPD
"Sabine Poschmann, SPD",75,15,3,0,3,1,SPD,CDU I CSU,GRÜNE,FDP,AFD,LINKE,,,,,143 Dortmund II,143,Dortmund II,Eher unsicher für SPD
"Oliver Kaczmarek, SPD",68,23,3,0,3,0,SPD,CDU I CSU,GRÜNE,FDP,AFD,LINKE,,,,,144 Unna I,144,Unna I,Too-close-to-call für SPD
"Michael Eckardt Thews, SPD",64,27,2,0,3,0,SPD,CDU I CSU,GRÜNE,FDP,AFD,LINKE,,,,,145 Hamm – Unna II,145,Hamm – Unna II,Too-close-to-call für CDU/CSU
"Hans-Jürgen Thies, CDU",17,73,3,1,2,0,SPD,CDU I CSU,GRÜNE,FDP,AFD,LINKE,,,,,146 Soest,146,Soest,Sicher für CDU/CSU
"Joachim-Friedrich Martin Josef Merz, CDU",13,80,2,1,2,0,SPD,CDU I CSU,GRÜNE,FDP,AFD,LINKE,,,,,147 Hochsauerlandkreis,147,Hochsauerlandkreis,Sicher für CDU/CSU
"Volkmar Klein, CDU",16,75,3,0,3,0,SPD,CDU I CSU,GRÜNE,FDP,AFD,LINKE,,,,,148 Siegen-Wittgenstein,148,Siegen-Wittgenstein,Sicher für CDU/CSU
"Florian Matthias Müller, CDU",13,78,2,1,2,0,SPD,CDU I CSU,GRÜNE,FDP,AFD,LINKE,,,,,149 Olpe – Märkischer Kreis I,149,Olpe – Märkischer Kreis I,Sicher für CDU/CSU
"Paul Ziemiak, CDU",18,73,2,1,3,0,SPD,CDU I CSU,GRÜNE,FDP,AFD,LINKE,,,,,150 Märkischer Kreis II,150,Märkischer Kreis II,Sicher für CDU/CSU
"René Bochmann, AfD",2,21,1,0,67,1,SPD,CDU I CSU,GRÜNE,FDP,AFD,LINKE,,,,,151 Nordsachsen,151,Nordsachsen,Too-close-to-call für AFD
"Jens Lehmann, CDU",3,51,2,0,12,2,SPD,CDU I CSU,GRÜNE,FDP,AFD,LINKE,,,,,152 Leipzig I,152,Leipzig I,Eher sicher für CDU/CSU
"Sören Pellmann, DIE LINKE",3,42,4,0,11,8,SPD,CDU I CSU,GRÜNE,FDP,AFD,LINKE,,,,,153 Leipzig II,153,Leipzig II,Eher unsicher für CDU/CSU
"Edgar Naujok, AfD",3,25,1,0,64,1,SPD,CDU I CSU,GRÜNE,FDP,AFD,LINKE,,,,,154 Leipzig-Land,154,Leipzig-Land,Too-close-to-call für AFD
"Barbara Lenk, AfD",2,18,1,0,72,0,SPD,CDU I CSU,GRÜNE,FDP,AFD,LINKE,,,,,155 Meißen,155,Meißen,Eher sicher für AFD
"Karsten Hilse, AfD",2,20,0,0,71,1,SPD,CDU I CSU,GRÜNE,FDP,AFD,LINKE,,,,,156 Bautzen I,156,Bautzen I,Eher unsicher für AFD
"Tino Chrupalla, AfD",1,20,0,0,74,0,SPD,CDU I CSU,GRÜNE,FDP,AFD,LINKE,,,,,157 Görlitz,157,Görlitz,Eher sicher für AFD
"Steffen Janich, AfD",2,9,0,0,75,1,SPD,CDU I CSU,GRÜNE,FDP,AFD,LINKE,,,,,158 Sächsische Schweiz-Osterzgebirge,158,Sächsische Schweiz-Osterzgebirge,Sicher für AFD
"Markus Reichel, CDU",3,28,2,1,58,2,SPD,CDU I CSU,GRÜNE,FDP,AFD,LINKE,,,,,159 Dresden I,159,Dresden I,Too-close-to-call für AFD
"Lars Rohwer, CDU",2,22,3,0,53,1,SPD,CDU I CSU,GRÜNE,FDP,AFD,LINKE,,,,,160 Dresden II – Bautzen II,160,Dresden II – Bautzen II,Too-close-to-call für CDU/CSU
"Carolin Bachmann, AfD",2,20,0,1,73,1,SPD,CDU I CSU,GRÜNE,FDP,AFD,LINKE,,,,,161 Mittelsachsen,161,Mittelsachsen,Eher unsicher für AFD
"Detlef Müller, SPD",9,42,1,1,17,1,SPD,CDU I CSU,GRÜNE,FDP,AFD,LINKE,,,,,162 Chemnitz,162,Chemnitz,Too-close-to-call für CDU/CSU
"Mike Moncsek, AfD",2,26,1,0,62,1,SPD,CDU I CSU,GRÜNE,FDP,AFD,LINKE,,,,,163 Chemnitzer Umland – Erzgebirgskreis II,163,Chemnitzer Umland – Erzgebirgskreis II,Too-close-to-call für CDU/CSU
"Thomas Dietz, AfD",2,23,0,1,66,1,SPD,CDU I CSU,GRÜNE,FDP,AFD,LINKE,,,,,164 Erzgebirgskreis I,164,Erzgebirgskreis I,Too-close-to-call für AFD
"Matthias Moosdorf, AfD",2,25,1,1,59,2,SPD,CDU I CSU,GRÜNE,FDP,AFD,LINKE,,,,,165 Zwickau,165,Zwickau,Too-close-to-call für CDU/CSU
"Yvonne Magwas, CDU",2,61,1,0,31,1,SPD,CDU I CSU,GRÜNE,FDP,AFD,LINKE,,,,,166 Vogtlandkreis,166,Vogtlandkreis,Eher unsicher für CDU/CSU
"Esther Dilcher, SPD",30,60,2,0,3,0,SPD,CDU I CSU,GRÜNE,FDP,AFD,LINKE,,,,,167 Waldeck,167,Waldeck,Eher sicher für CDU/CSU
"Timon Gremmels, SPD",61,27,4,0,3,1,SPD,CDU I CSU,GRÜNE,FDP,AFD,LINKE,,,,,168 Kassel,168,Kassel,Eher unsicher für CDU/CSU
"Michael Roth, SPD",36,56,2,0,3,0,SPD,CDU I CSU,GRÜNE,FDP,AFD,LINKE,,,,,169 Werra-Meißner – Hersfeld-Rotenburg,169,Werra-Meißner – Hersfeld-Rotenburg,Eher sicher für CDU/CSU
"Edgar Konrad Hartmut Franke, SPD",35,54,3,0,4,0,SPD,CDU I CSU,GRÜNE,FDP,AFD,LINKE,,,,,170 Schwalm-Eder,170,Schwalm-Eder,Eher sicher für CDU/CSU
"Sören Bartol, SPD",28,62,3,0,3,1,SPD,CDU I CSU,GRÜNE,FDP,AFD,LINKE,,,,,171 Marburg,171,Marburg,Eher sicher für CDU/CSU
"Dagmar Schmidt, SPD",21,70,2,0,3,0,SPD,CDU I CSU,GRÜNE,FDP,AFD,LINKE,,,,,172 Lahn-Dill,172,Lahn-Dill,Sicher für CDU/CSU
"Felix Maximilian Döring, SPD",18,72,3,0,3,1,SPD,CDU I CSU,GRÜNE,FDP,AFD,LINKE,,,,,173 Gießen,173,Gießen,Sicher für CDU/CSU
"Michael Karl Brand, CDU",3,83,2,1,7,0,SPD,CDU I CSU,GRÜNE,FDP,AFD,LINKE,,,,,174 Fulda,174,Fulda,Sicher für CDU/CSU
"Bettina Müller, SPD",19,69,2,0,6,0,SPD,CDU I CSU,GRÜNE,FDP,AFD,LINKE,,,,,175 Main-Kinzig – Wetterau II – Schotten,175,Main-Kinzig – Wetterau II – Schotten,Sicher für CDU/CSU
"Markus Benjamin Koob, CDU",10,80,3,1,3,0,SPD,CDU I CSU,GRÜNE,FDP,AFD,LINKE,,,,,176 Hochtaunus,176,Hochtaunus,Sicher für CDU/CSU
"Natalie Pawlik, SPD",17,72,3,1,3,0,SPD,CDU I CSU,GRÜNE,FDP,AFD,LINKE,,,,,177 Wetterau I,177,Wetterau I,Sicher für CDU/CSU
"Klaus-Peter Willsch, CDU",11,78,3,1,3,0,SPD,CDU I CSU,GRÜNE,FDP,AFD,LINKE,,,,,178 Rheingau-Taunus – Limburg,178,Rheingau-Taunus – Limburg,Sicher für CDU/CSU
"Ingmar Ludwig Jung, CDU",11,78,4,0,3,1,SPD,CDU I CSU,GRÜNE,FDP,AFD,LINKE,,,,,179 Wiesbaden,179,Wiesbaden,Sicher für CDU/CSU
"Jan Lennard Oehl, SPD",19,70,3,0,4,0,SPD,CDU I CSU,GRÜNE,FDP,AFD,LINKE,,,,,180 Hanau,180,Hanau,Sicher für CDU/CSU
"Norbert Maria Altenkamp, CDU",6,82,4,1,3,0,SPD,CDU I CSU,GRÜNE,FDP,AFD,LINKE,,,,,181 Main-Taunus,181,Main-Taunus,Sicher für CDU/CSU
"Armand Zorn, SPD",26,61,5,1,3,2,SPD,CDU I CSU,GRÜNE,FDP,AFD,LINKE,,,,,182 Frankfurt am Main I,182,Frankfurt am Main I,Eher sicher für CDU/CSU
"Omid Nouripour, GRÜNE",7,58,27,1,3,1,SPD,CDU I CSU,GRÜNE,FDP,AFD,LINKE,,,,,183 Frankfurt am Main II,183,Frankfurt am Main II,Eher sicher für CDU/CSU
"Melanie Wegling, SPD",22,69,3,0,3,0,SPD,CDU I CSU,GRÜNE,FDP,AFD,LINKE,,,,,184 Groß-Gerau,184,Groß-Gerau,Sicher für CDU/CSU
"Björn Manuel Simon, CDU",10,79,4,0,3,1,SPD,CDU I CSU,GRÜNE,FDP,AFD,LINKE,,,,,185 Offenbach,185,Offenbach,Sicher für CDU/CSU
"Andreas Larem, SPD",15,64,14,0,3,1,SPD,CDU I CSU,GRÜNE,FDP,AFD,LINKE,,,,,186 Darmstadt,186,Darmstadt,Eher sicher für CDU/CSU
"Jens Zimmermann, SPD",20,69,3,0,3,0,SPD,CDU I CSU,GRÜNE,FDP,AFD,LINKE,,,,,187 Odenwald,187,Odenwald,Sicher für CDU/CSU
"Michael Günther Meister, CDU",9,80,3,1,3,0,SPD,CDU I CSU,GRÜNE,FDP,AFD,LINKE,,,,,188 Bergstraße,188,Bergstraße,Sicher für CDU/CSU
"Manfred Grund, CDU",3,64,0,0,25,1,SPD,CDU I CSU,GRÜNE,FDP,AFD,LINKE,,,,,189 Eichsfeld – Nordhausen – Kyffhäuserkreis,189,Eichsfeld – Nordhausen – Kyffhäuserkreis,Eher unsicher für CDU/CSU
"Klaus Stöber, AfD",4,24,0,0,60,2,SPD,CDU I CSU,GRÜNE,FDP,AFD,LINKE,,,,,190 Eisenach – Wartburgkreis – Unstrut-Hainich-Kreis,190,Eisenach – Wartburgkreis – Unstrut-Hainich-Kreis,Too-close-to-call für CDU/CSU
"Holger Becker, SPD",9,14,1,0,55,3,SPD,CDU I CSU,GRÜNE,FDP,AFD,LINKE,,,,,191 Jena – Sömmerda – Weimarer Land I,191,Jena – Sömmerda – Weimarer Land I,Too-close-to-call für AFD
"Marcus Bühl, AfD",3,12,0,0,68,1,SPD,CDU I CSU,GRÜNE,FDP,AFD,LINKE,,,,,192 Gotha – Ilm-Kreis,192,Gotha – Ilm-Kreis,Eher unsicher für AFD
"Carsten Schneider, SPD",9,14,3,0,54,3,SPD,CDU I CSU,GRÜNE,FDP,AFD,LINKE,,,,,193 Erfurt – Weimar – Weimarer Land II,193,Erfurt – Weimar – Weimarer Land II,Too-close-to-call für CDU/CSU
"Stephan Günther Brandner, AfD",3,13,0,0,74,1,SPD,CDU I CSU,GRÜNE,FDP,AFD,LINKE,,,,,194 Gera – Greiz – Altenburger Land,194,Gera – Greiz – Altenburger Land,Eher sicher für AFD
"Michael Heinz Kaufmann, AfD",3,16,0,1,69,1,SPD,CDU I CSU,GRÜNE,FDP,AFD,LINKE,,,,,195 Saalfeld-Rudolstadt – Saale-Holzland-Kreis – Saale-Orla-Kreis,195,Saalfeld-Rudolstadt – Saale-Holzland-Kreis – Saale-Orla-Kreis,Eher unsicher für AFD
"Frank Ullrich, SPD",63,14,0,0,18,1,SPD,CDU I CSU,GRÜNE,FDP,AFD,LINKE,,,,,196 Suhl – Schmalkalden-Meiningen – Hildburghausen – Sonneberg,196,Suhl – Schmalkalden-Meiningen – Hildburghausen – Sonneberg,Too-close-to-call für CDU/CSU
"Erwin Josef Rüddel, CDU",15,75,2,1,3,0,SPD,CDU I CSU,GRÜNE,FDP,AFD,LINKE,,,,,197 Neuwied,197,Neuwied,Sicher für CDU/CSU
"Mechthild Heil, CDU",13,79,2,0,2,0,SPD,CDU I CSU,GRÜNE,FDP,AFD,LINKE,,,,,198 Ahrweiler,198,Ahrweiler,Sicher für CDU/CSU
"Josef Oster, CDU",16,76,2,0,2,0,SPD,CDU I CSU,GRÜNE,FDP,AFD,LINKE,,,,,199 Koblenz,199,Koblenz,Sicher für CDU/CSU
"Marlon Bröhr, CDU",11,81,2,1,3,0,SPD,CDU I CSU,GRÜNE,FDP,AFD,LINKE,,,,,200 Mosel/Rhein-Hunsrück,200,Mosel/Rhein-Hunsrück,Sicher für CDU/CSU
"Joe Weingarten, SPD",27,65,2,0,3,0,SPD,CDU I CSU,GRÜNE,FDP,AFD,LINKE,,,,,201 Kreuznach,201,Kreuznach,Sicher für CDU/CSU
"Patrick Schnieder, CDU",11,82,1,0,2,0,SPD,CDU I CSU,GRÜNE,FDP,AFD,LINKE,,,,,202 Bitburg,202,Bitburg,Sicher für CDU/CSU
"Verena Ute Hubertz, SPD",28,63,3,0,2,0,SPD,CDU I CSU,GRÜNE,FDP,AFD,LINKE,,,,,203 Trier,203,Trier,Sicher für CDU/CSU
"Tanja Machalet, SPD",23,69,2,0,3,0,SPD,CDU I CSU,GRÜNE,FDP,AFD,LINKE,,,,,204 Montabaur,204,Montabaur,Sicher für CDU/CSU
"Daniel Baldy, SPD",22,66,4,0,3,2,SPD,CDU I CSU,GRÜNE,FDP,AFD,LINKE,,,,,205 Mainz,205,Mainz,Sicher für CDU/CSU
"Jan Metzler, CDU",15,76,2,1,3,0,SPD,CDU I CSU,GRÜNE,FDP,AFD,LINKE,,,,,206 Worms,206,Worms,Sicher für CDU/CSU
"Christian Willi Heribert Schreider, SPD",30,59,3,0,4,0,SPD,CDU I CSU,GRÜNE,FDP,AFD,LINKE,,,,,207 Ludwigshafen/Frankenthal,207,Ludwigshafen/Frankenthal,Eher sicher für CDU/CSU
"Johannes Eberhard Steiniger, CDU",15,76,2,0,3,0,SPD,CDU I CSU,GRÜNE,FDP,AFD,LINKE,,,,,208 Neustadt – Speyer,208,Neustadt – Speyer,Sicher für CDU/CSU
"Matthias David Mieves, SPD",63,26,2,0,4,1,SPD,CDU I CSU,GRÜNE,FDP,AFD,LINKE,,,,,209 Kaiserslautern,209,Kaiserslautern,Eher unsicher für CDU/CSU
"Angelika Glöckner, SPD",23,69,1,0,4,0,SPD,CDU I CSU,GRÜNE,FDP,AFD,LINKE,,,,,210 Pirmasens,210,Pirmasens,Sicher für CDU/CSU
"Thomas Hitschler, SPD",19,70,3,1,4,0,SPD,CDU I CSU,GRÜNE,FDP,AFD,LINKE,,,,,211 Südpfalz,211,Südpfalz,Sicher für CDU/CSU
"Stephan Mayer, CSU",2,89,2,1,4,0,SPD,CDU I CSU,GRÜNE,FDP,AFD,LINKE,,,,,212 Altötting,212,Altötting,Sicher für CDU/CSU
"Andreas Lenz, CSU",2,88,4,0,2,0,SPD,CDU I CSU,GRÜNE,FDP,AFD,LINKE,,,,,213 Erding – Ebersberg,213,Erding – Ebersberg,Sicher für CDU/CSU
"Erich Irlstorfer, CSU",3,84,3,0,4,0,SPD,CDU I CSU,GRÜNE,FDP,AFD,LINKE,,,,,214 Freising,214,Freising,Sicher für CDU/CSU
"Katrin Staffler, CSU",5,86,3,0,3,0,SPD,CDU I CSU,GRÜNE,FDP,AFD,LINKE,,,,,215 Fürstenfeldbruck,215,Fürstenfeldbruck,Sicher für CDU/CSU
"Reinhard Brandl, CSU",2,89,2,0,3,0,SPD,CDU I CSU,GRÜNE,FDP,AFD,LINKE,,,,,216 Ingolstadt,216,Ingolstadt,Sicher für CDU/CSU
"Bernhard Siegfried Loos, CSU",5,73,15,1,3,0,SPD,CDU I CSU,GRÜNE,FDP,AFD,LINKE,,,,,217 München-Nord,217,München-Nord,Eher sicher für CDU/CSU
"Wolfgang Dieter Stefinger, CSU",4,81,9,0,2,0,SPD,CDU I CSU,GRÜNE,FDP,AFD,LINKE,,,,,218 München-Ost,218,München-Ost,Sicher für CDU/CSU
"Jamila Anna Schäfer, GRÜNE",4,65,24,1,3,0,SPD,CDU I CSU,GRÜNE,FDP,AFD,LINKE,,,,,219 München-Süd,219,München-Süd,Eher sicher für CDU/CSU
"Stephan Nikolaus Pilsinger, CSU",4,70,20,1,2,1,SPD,CDU I CSU,GRÜNE,FDP,AFD,LINKE,,,,,220 München-West/Mitte,220,München-West/Mitte,Eher sicher für CDU/CSU
"Florian Peter Hahn, CSU",2,84,7,0,3,0,SPD,CDU I CSU,GRÜNE,FDP,AFD,LINKE,,,,,221 München-Land,221,München-Land,Sicher für CDU/CSU
"Daniela Ludwig, CSU",2,86,3,0,3,1,SPD,CDU I CSU,GRÜNE,FDP,AFD,LINKE,,,,,222 Rosenheim,222,Rosenheim,Sicher für CDU/CSU
"Alexander Gamal Radwan, CSU",2,88,5,0,0,0,SPD,CDU I CSU,GRÜNE,FDP,AFD,LINKE,,,,,223 Bad Tölz-Wolfratshausen – Miesbach,223,Bad Tölz-Wolfratshausen – Miesbach,Sicher für CDU/CSU
"Michael Kießling, CSU",3,85,7,0,2,0,SPD,CDU I CSU,GRÜNE,FDP,AFD,LINKE,,,,,224 Starnberg – Landsberg am Lech,224,Starnberg – Landsberg am Lech,Sicher für CDU/CSU
"Peter Ramsauer, CSU",3,88,3,0,3,0,SPD,CDU I CSU,GRÜNE,FDP,AFD,LINKE,,,,,225 Traunstein,225,Traunstein,Sicher für CDU/CSU
"Alexander Dobrindt, CSU",2,88,3,0,3,0,SPD,CDU I CSU,GRÜNE,FDP,AFD,LINKE,,,,,226 Weilheim,226,Weilheim,Sicher für CDU/CSU
"Thomas Maximilian Erndl, CSU",3,86,1,0,5,0,SPD,CDU I CSU,GRÜNE,FDP,AFD,LINKE,,,,,227 Deggendorf,227,Deggendorf,Sicher für CDU/CSU
"Florian Oßner, CSU",2,85,3,1,3,0,SPD,CDU I CSU,GRÜNE,FDP,AFD,LINKE,,,,,228 Landshut,228,Landshut,Sicher für CDU/CSU
"Andreas Franz Scheuer, CSU",4,85,2,0,6,0,SPD,CDU I CSU,GRÜNE,FDP,AFD,LINKE,,,,,229 Passau,229,Passau,Sicher für CDU/CSU
"Max Straubinger, CSU",2,84,2,0,5,0,SPD,CDU I CSU,GRÜNE,FDP,AFD,LINKE,,,,,230 Rottal-Inn,230,Rottal-Inn,Sicher für CDU/CSU
"Alois Georg Josef Rainer, CSU",2,88,2,0,5,0,SPD,CDU I CSU,GRÜNE,FDP,AFD,LINKE,,,,,231 Straubing,231,Straubing,Sicher für CDU/CSU
"Susanne Hierl, CSU",2,87,2,0,3,0,SPD,CDU I CSU,GRÜNE,FDP,AFD,LINKE,,,,,232 Amberg,232,Amberg,Sicher für CDU/CSU
"Peter Aumer, CSU",3,85,4,1,3,0,SPD,CDU I CSU,GRÜNE,FDP,AFD,LINKE,,,,,233 Regensburg,233,Regensburg,Sicher für CDU/CSU
"Martina Englhardt-Kopf, CSU",4,86,1,0,4,0,SPD,CDU I CSU,GRÜNE,FDP,AFD,LINKE,,,,,234 Schwandorf,234,Schwandorf,Sicher für CDU/CSU
"Albert Robert Rupprecht, CSU",4,87,1,0,3,0,SPD,CDU I CSU,GRÜNE,FDP,AFD,LINKE,,,,,235 Weiden,235,Weiden,Sicher für CDU/CSU
"Thomas Silberhorn, CSU",4,85,5,0,3,0,SPD,CDU I CSU,GRÜNE,FDP,AFD,LINKE,,,,,236 Bamberg,236,Bamberg,Sicher für CDU/CSU
"Silke Launert, CSU",4,87,2,1,3,0,SPD,CDU I CSU,GRÜNE,FDP,AFD,LINKE,,,,,237 Bayreuth,237,Bayreuth,Sicher für CDU/CSU
"Jonas Alexander Tecumseh Geissler, CSU",7,85,3,0,3,0,SPD,CDU I CSU,GRÜNE,FDP,AFD,LINKE,,,,,238 Coburg,238,Coburg,Sicher für CDU/CSU
"Hans-Peter Friedrich, CSU",6,86,1,0,3,0,SPD,CDU I CSU,GRÜNE,FDP,AFD,LINKE,,,,,239 Hof,239,Hof,Sicher für CDU/CSU
"Emmi Zeulner, CSU",2,90,2,0,3,0,SPD,CDU I CSU,GRÜNE,FDP,AFD,LINKE,,,,,240 Kulmbach,240,Kulmbach,Sicher für CDU/CSU
"Artur Auernhammer, CSU",3,87,3,0,3,0,SPD,CDU I CSU,GRÜNE,FDP,AFD,LINKE,,,,,241 Ansbach,241,Ansbach,Sicher für CDU/CSU
"Stefan Müller, CSU",4,85,6,0,2,0,SPD,CDU I CSU,GRÜNE,FDP,AFD,LINKE,,,,,242 Erlangen,242,Erlangen,Sicher für CDU/CSU
"Tobias Winkler, CSU",7,84,3,0,3,0,SPD,CDU I CSU,GRÜNE,FDP,AFD,LINKE,,,,,243 Fürth,243,Fürth,Sicher für CDU/CSU
"Sebastian Brehm, CSU",5,76,12,1,3,1,SPD,CDU I CSU,GRÜNE,FDP,AFD,LINKE,,,,,244 Nürnberg-Nord,244,Nürnberg-Nord,Sicher für CDU/CSU
"Michael Frieser, CSU",7,82,3,0,3,1,SPD,CDU I CSU,GRÜNE,FDP,AFD,LINKE,,,,,245 Nürnberg-Süd,245,Nürnberg-Süd,Sicher für CDU/CSU
"Ralph Edelhäußer, CSU",3,86,3,1,3,0,SPD,CDU I CSU,GRÜNE,FDP,AFD,LINKE,,,,,246 Roth,246,Roth,Sicher für CDU/CSU
"Andrea Lindholz, CSU",3,87,4,1,3,0,SPD,CDU I CSU,GRÜNE,FDP,AFD,LINKE,,,,,247 Aschaffenburg,247,Aschaffenburg,Sicher für CDU/CSU
"Dorothee Gisela Renate Maria Bär, CSU",4,87,3,0,3,0,SPD,CDU I CSU,GRÜNE,FDP,AFD,LINKE,,,,,248 Bad Kissingen,248,Bad Kissingen,Sicher für CDU/CSU
"Alexander Hoffmann, CSU",5,87,2,0,3,0,SPD,CDU I CSU,GRÜNE,FDP,AFD,LINKE,,,,,249 Main-Spessart,249,Main-Spessart,Sicher für CDU/CSU
"Anja Weisgerber, CSU",3,87,2,0,4,1,SPD,CDU I CSU,GRÜNE,FDP,AFD,LINKE,,,,,250 Schweinfurt,250,Schweinfurt,Sicher für CDU/CSU
"Paul Alois Lehrieder, CSU",3,87,6,1,0,0,SPD,CDU I CSU,GRÜNE,FDP,AFD,LINKE,,,,,251 Würzburg,251,Würzburg,Sicher für CDU/CSU
"Volker Michael Ullrich, CSU",3,79,10,0,3,1,SPD,CDU I CSU,GRÜNE,FDP,AFD,LINKE,,,,,252 Augsburg-Stadt,252,Augsburg-Stadt,Sicher für CDU/CSU
"Hansjörg Durz, CSU",2,88,3,0,3,0,SPD,CDU I CSU,GRÜNE,FDP,AFD,LINKE,,,,,253 Augsburg-Land,253,Augsburg-Land,Sicher für CDU/CSU
"Ulrich Lange, CSU",4,88,2,0,3,0,SPD,CDU I CSU,GRÜNE,FDP,AFD,LINKE,,,,,254 Donau-Ries,254,Donau-Ries,Sicher für CDU/CSU
"Alexander Engelhard, CSU",2,86,3,0,3,0,SPD,CDU I CSU,GRÜNE,FDP,AFD,LINKE,,,,,255 Neu-Ulm,255,Neu-Ulm,Sicher für CDU/CSU
"Mechthilde Wittmann, CSU",3,85,4,1,3,0,SPD,CDU I CSU,GRÜNE,FDP,AFD,LINKE,,,,,256 Oberallgäu,256,Oberallgäu,Sicher für CDU/CSU
"Stephan Stracke, CSU",2,87,3,0,3,1,SPD,CDU I CSU,GRÜNE,FDP,AFD,LINKE,,,,,257 Ostallgäu,257,Ostallgäu,Sicher für CDU/CSU
"Cem Özdemir, GRÜNE",2,24,66,1,2,1,SPD,CDU I CSU,GRÜNE,FDP,AFD,LINKE,,,,,258 Stuttgart I,258,Stuttgart I,Too-close-to-call für GRÜNE
"Maximilian Rick Mörseburg, CDU",3,75,14,1,3,1,SPD,CDU I CSU,GRÜNE,FDP,AFD,LINKE,,,,,259 Stuttgart II,259,Stuttgart II,Sicher für CDU/CSU
"Marc Josef Biadacz, CDU",4,81,7,2,4,0,SPD,CDU I CSU,GRÜNE,FDP,AFD,LINKE,,,,,260 Böblingen,260,Böblingen,Sicher für CDU/CSU
"Markus Grübel, CDU",3,81,8,1,3,0,SPD,CDU I CSU,GRÜNE,FDP,AFD,LINKE,,,,,261 Esslingen,261,Esslingen,Sicher für CDU/CSU
"Michael Hennrich, CDU",4,78,10,1,3,0,SPD,CDU I CSU,GRÜNE,FDP,AFD,LINKE,,,,,262 Nürtingen,262,Nürtingen,Sicher für CDU/CSU
"Hermann Färber, CDU",4,81,3,1,7,0,SPD,CDU I CSU,GRÜNE,FDP,AFD,LINKE,,,,,263 Göppingen,263,Göppingen,Sicher für CDU/CSU
"Christina Daniela Stumpp, CDU",4,81,6,2,4,0,SPD,CDU I CSU,GRÜNE,FDP,AFD,LINKE,,,,,264 Waiblingen,264,Waiblingen,Sicher für CDU/CSU
"Steffen Rudi Bilger, CDU",3,78,11,1,4,0,SPD,CDU I CSU,GRÜNE,FDP,AFD,LINKE,,,,,265 Ludwigsburg,265,Ludwigsburg,Sicher für CDU/CSU
"Fabian Benedikt Meinrad Gramling, CDU",3,82,7,1,4,0,SPD,CDU I CSU,GRÜNE,FDP,AFD,LINKE,,,,,266 Neckar-Zaber,266,Neckar-Zaber,Sicher für CDU/CSU
"Alexander Richard Throm, CDU",5,79,3,1,9,0,SPD,CDU I CSU,GRÜNE,FDP,AFD,LINKE,,,,,267 Heilbronn,267,Heilbronn,Sicher für CDU/CSU
"Christian Alexander Stetten, CDU",3,82,7,1,4,0,SPD,CDU I CSU,GRÜNE,FDP,AFD,LINKE,,,,,268 Schwäbisch Hall – Hohenlohe,268,Schwäbisch Hall – Hohenlohe,Sicher für CDU/CSU
"Ingeborg Gabriele Gräßle, CDU",4,82,3,1,6,0,SPD,CDU I CSU,GRÜNE,FDP,AFD,LINKE,,,,,269 Backnang – Schwäbisch Gmünd,269,Backnang – Schwäbisch Gmünd,Sicher für CDU/CSU
"Roderich Kiesewetter, CDU",5,86,3,0,3,0,SPD,CDU I CSU,GRÜNE,FDP,AFD,LINKE,,,,,270 Aalen – Heidenheim,270,Aalen – Heidenheim,Sicher für CDU/CSU
"Zoe Mayer, GRÜNE",4,53,34,1,3,1,SPD,CDU I CSU,GRÜNE,FDP,AFD,LINKE,,,,,271 Karlsruhe-Stadt,271,Karlsruhe-Stadt,Too-close-to-call für CDU/CSU
"Nicolas Benjamin Zippelius, CDU",3,82,7,1,3,0,SPD,CDU I CSU,GRÜNE,FDP,AFD,LINKE,,,,,272 Karlsruhe-Land,272,Karlsruhe-Land,Sicher für CDU/CSU
"Kai Thorsten Whittaker, CDU",4,84,3,1,5,0,SPD,CDU I CSU,GRÜNE,FDP,AFD,LINKE,,,,,273 Rastatt,273,Rastatt,Sicher für CDU/CSU
"Franziska Katharina Brantner, GRÜNE",4,59,30,0,3,0,SPD,CDU I CSU,GRÜNE,FDP,AFD,LINKE,,,,,274 Heidelberg,274,Heidelberg,Eher unsicher für CDU/CSU
"Isabel Andrea Cademartori Dujisin, SPD",20,56,10,1,8,1,SPD,CDU I CSU,GRÜNE,FDP,AFD,LINKE,,,,,275 Mannheim,275,Mannheim,Eher sicher für CDU/CSU
"Nina Ingrid Warken, CDU",3,85,3,0,6,0,SPD,CDU I CSU,GRÜNE,FDP,AFD,LINKE,,,,,276 Odenwald – Tauber,276,Odenwald – Tauber,Sicher für CDU/CSU
"Moritz Paul Georg Oppelt, CDU",9,79,4,1,4,0,SPD,CDU I CSU,GRÜNE,FDP,AFD,LINKE,,,,,277 Rhein-Neckar,277,Rhein-Neckar,Sicher für CDU/CSU
"Olav Steffen Gutting, CDU",3,82,4,1,7,0,SPD,CDU I CSU,GRÜNE,FDP,AFD,LINKE,,,,,278 Bruchsal – Schwetzingen,278,Bruchsal – Schwetzingen,Sicher für CDU/CSU
"Gunther Krichbaum, CDU",4,77,4,1,11,0,SPD,CDU I CSU,GRÜNE,FDP,AFD,LINKE,,,,,279 Pforzheim,279,Pforzheim,Sicher für CDU/CSU
"Klaus Mack, CDU",3,83,3,1,6,0,SPD,CDU I CSU,GRÜNE,FDP,AFD,LINKE,,,,,280 Calw,280,Calw,Sicher für CDU/CSU
"Chantal Johanna Siglinde Kopf, GRÜNE",6,25,62,0,2,1,SPD,CDU I CSU,GRÜNE,FDP,AFD,LINKE,,,,,281 Freiburg,281,Freiburg,Too-close-to-call für CDU/CSU
"Diana Iris Stöcker, CDU",4,76,12,1,3,0,SPD,CDU I CSU,GRÜNE,FDP,AFD,LINKE,,,,,282 Lörrach – Müllheim,282,Lörrach – Müllheim,Sicher für CDU/CSU
"Yannick Bury, CDU",9,80,4,1,4,0,SPD,CDU I CSU,GRÜNE,FDP,AFD,LINKE,,,,,283 Emmendingen – Lahr,283,Emmendingen – Lahr,Sicher für CDU/CSU
"Wolfgang Schäuble, CDU",3,85,5,1,3,0,SPD,CDU I CSU,GRÜNE,FDP,AFD,LINKE,,,,,284 Offenburg,284,Offenburg,Sicher für CDU/CSU
"Maria-Lena Weiss, CDU",3,83,4,1,6,0,SPD,CDU I CSU,GRÜNE,FDP,AFD,LINKE,,,,,285 Rottweil – Tuttlingen,285,Rottweil – Tuttlingen,Sicher für CDU/CSU
"Thorsten Frei, CDU",3,85,3,1,5,0,SPD,CDU I CSU,GRÜNE,FDP,AFD,LINKE,,,,,286 Schwarzwald-Baar,286,Schwarzwald-Baar,Sicher für CDU/CSU
"Andreas Jung, CDU",3,83,6,1,3,0,SPD,CDU I CSU,GRÜNE,FDP,AFD,LINKE,,,,,287 Konstanz,287,Konstanz,Sicher für CDU/CSU
"Felix Schreiner, CDU",4,84,6,0,3,0,SPD,CDU I CSU,GRÜNE,FDP,AFD,LINKE,,,,,288 Waldshut,288,Waldshut,Sicher für CDU/CSU
"Michael Donth, CDU",3,80,8,1,4,1,SPD,CDU I CSU,GRÜNE,FDP,AFD,LINKE,,,,,289 Reutlingen,289,Reutlingen,Sicher für CDU/CSU
"Annette Widmann-Mauz, CDU",3,72,17,0,3,1,SPD,CDU I CSU,GRÜNE,FDP,AFD,LINKE,,,,,290 Tübingen,290,Tübingen,Sicher für CDU/CSU
"Ronja Helene Kemmer, CDU",3,82,8,1,3,0,SPD,CDU I CSU,GRÜNE,FDP,AFD,LINKE,,,,,291 Ulm,291,Ulm,Sicher für CDU/CSU
"Josef Rief, CDU",3,85,5,0,3,0,SPD,CDU I CSU,GRÜNE,FDP,AFD,LINKE,,,,,292 Biberach,292,Biberach,Sicher für CDU/CSU
"Volker Mayer-Lay, CDU",3,81,8,1,4,0,SPD,CDU I CSU,GRÜNE,FDP,AFD,LINKE,,,,,293 Bodensee,293,Bodensee,Sicher für CDU/CSU
"Axel Karl Müller, CDU",3,76,13,1,3,0,SPD,CDU I CSU,GRÜNE,FDP,AFD,LINKE,,,,,294 Ravensburg,294,Ravensburg,Sicher für CDU/CSU
"Thomas Bareiß, CDU",3,78,12,1,4,0,SPD,CDU I CSU,GRÜNE,FDP,AFD,LINKE,,,,,295 Zollernalb – Sigmaringen,295,Zollernalb – Sigmaringen,Sicher für CDU/CSU
"Josephine Loulou Ortleb, SPD",32,59,2,0,3,0,SPD,CDU I CSU,GRÜNE,FDP,AFD,LINKE,,,,,296 Saarbrücken,296,Saarbrücken,Eher sicher für CDU/CSU
"Heiko Josef Maas, SPD",31,61,2,0,3,0,SPD,CDU I CSU,GRÜNE,FDP,AFD,LINKE,,,,,297 Saarlouis,297,Saarlouis,Eher sicher für CDU/CSU
"Christian Petry, SPD",24,68,1,1,3,0,SPD,CDU I CSU,GRÜNE,FDP,AFD,LINKE,,,,,298 St. Wendel,298,St. Wendel,Sicher für CDU/CSU
"Esra-Leon Ruben Limbacher, SPD",32,58,2,0,4,0,SPD,CDU I CSU,GRÜNE,FDP,AFD,LINKE,,,,,299 Homburg,299,Homburg,Eher sicher für CDU/CSU
