WK_ID	WKR_NAME	LAND_ABR	UnionShare	UnionLo	UnionHi	SPDShare	SPDLo	SPDHi	AfDShare	AfDLo	AfDHi	GreenShare	GreenLo	GreenHi	FDPShare	FDPLo	FDPHi	LinkeShare	LinkeLo	LinkeHi	BSWShare	BSWLo	BSWHi	FWShare	FWLo	FWHi	SonstigeShare	SonstigeLo	SonstigeHi	Winner25	Second25	Winner21	YouGovCall	ChangeFrom21
1	Flensburg – Schleswig	SH	24	20	28	18	14	23	15	12	19	24	20	28	3	2	5	5	3	8	0	0	0	1	1	2	9	6	12	Bündnis 90/Die Grünen	CDU/CSU	Bündnis 90/Die Grünen	Unentschieden	Wahlkreis verteidigt von Bündnis 90/Die Grünen
2	Nordfriesland – Dithmarschen Nord	SH	33	29	38	21	17	27	17	14	20	12	9	15	3	2	5	5	3	6	0	0	0	2	1	4	6	4	10	CDU/CSU	SPD	CDU/CSU	Wahrscheinlich CDU/CSU	Wahlkreis verteidigt von CDU/CSU
3	Steinburg – Dithmarschen Süd	SH	34	30	38	21	16	27	19	17	22	10	8	13	4	3	6	4	3	6	0	0	0	3	1	4	4	2	6	CDU/CSU	SPD	CDU/CSU	Wahrscheinlich CDU/CSU	Wahlkreis verteidigt von CDU/CSU
4	Rendsburg-Eckernförde	SH	32	29	37	25	21	31	15	12	18	12	9	15	3	2	4	4	3	6	0	0	0	1	1	2	7	4	10	CDU/CSU	SPD	SPD	Tendenz zu CDU/CSU	CDU/CSU Gewonnen von SPD
5	Kiel	SH	22	18	25	21	16	26	14	12	17	26	22	30	4	2	5	8	6	11	0	0	0	1	1	1	5	3	7	Bündnis 90/Die Grünen	CDU/CSU	SPD	Unentschieden	Bündnis 90/Die Grünen Gewonnen von SPD
6	Plön – Neumünster	SH	32	29	36	24	19	28	17	15	19	13	10	15	3	2	4	5	4	7	0	0	0	2	1	2	4	3	6	CDU/CSU	SPD	SPD	Tendenz zu CDU/CSU	CDU/CSU Gewonnen von SPD
7	Pinneberg	SH	33	30	37	22	18	27	15	13	17	14	12	16	3	2	5	5	4	7	0	0	0	2	1	2	5	3	7	CDU/CSU	SPD	SPD	Wahrscheinlich CDU/CSU	CDU/CSU Gewonnen von SPD
8	Segeberg – Stormarn-Mitte	SH	34	31	38	24	20	28	16	14	18	12	10	15	3	2	5	5	3	7	0	0	0	2	1	2	4	3	5	CDU/CSU	SPD	SPD	Wahrscheinlich CDU/CSU	CDU/CSU Gewonnen von SPD
9	Ostholstein – Stormarn-Nord	SH	32	29	37	29	25	34	15	13	17	10	8	12	3	2	4	5	4	7	0	0	0	2	1	3	3	2	5	CDU/CSU	SPD	SPD	Unentschieden	CDU/CSU Gewonnen von SPD
10	Herzogtum Lauenburg – Stormarn-Süd	SH	35	32	39	21	17	25	15	13	17	14	13	17	4	2	5	5	4	7	0	0	0	2	1	2	3	2	5	CDU/CSU	SPD	SPD	Wahrscheinlich CDU/CSU	CDU/CSU Gewonnen von SPD
11	Lübeck	SH	23	20	27	25	21	30	16	14	19	17	14	20	3	2	4	8	6	11	0	0	0	1	1	2	6	4	8	SPD	CDU/CSU	SPD	Unentschieden	Wahlkreis verteidigt von SPD
12	Schwerin – Ludwigslust-Parchim I – Nordwestmecklenburg I	MV	22	19	25	19	15	22	30	27	33	6	5	8	2	1	3	14	11	17	0	0	0	1	1	2	6	4	8	AfD	CDU/CSU	SPD	Tendenz zu AfD	AfD Gewonnen von SPD
13	Ludwigslust-Parchim II – Nordwestmecklenburg II – Landkreis Rostock I	MV	19	16	22	22	18	26	31	28	34	5	4	6	2	1	3	14	11	18	0	0	0	1	1	2	5	3	7	AfD	SPD	SPD	Tendenz zu AfD	AfD Gewonnen von SPD
14	Rostock – Landkreis Rostock II	MV	17	14	19	20	16	24	26	23	29	5	4	7	3	2	4	24	19	29	0	0	0	1	0	1	4	3	6	AfD	Die Linke	SPD	Unentschieden	AfD Gewonnen von SPD
15	Vorpommern-Rügen – Vorpommern-Greifswald I	MV	19	16	22	19	15	23	33	30	36	4	3	6	2	1	3	15	12	18	0	0	0	1	1	2	6	4	8	AfD	CDU/CSU	SPD	Wahrscheinlich AfD	AfD Gewonnen von SPD
16	Mecklenburgische Seenplatte I – Vorpommern-Greifswald II 	MV	21	17	25	17	14	22	38	35	42	3	2	5	2	1	3	11	8	14	0	0	0	1	1	2	6	4	9	AfD	CDU/CSU	SPD	Wahrscheinlich AfD	AfD Gewonnen von SPD
17	Mecklenburgische Seenplatte II – Landkreis Rostock III	MV	19	16	22	21	17	26	34	31	38	4	3	5	2	1	3	12	9	17	0	0	0	2	1	3	6	3	8	AfD	SPD	SPD	Wahrscheinlich AfD	AfD Gewonnen von SPD
18	Hamburg-Mitte	HH	16	14	19	30	26	35	14	12	17	18	16	21	4	3	6	12	9	15	0	0	0	1	0	1	4	3	6	SPD	Bündnis 90/Die Grünen	SPD	Wahrscheinlich SPD	Wahlkreis verteidigt von SPD
19	Hamburg-Altona	HH	23	20	27	24	19	27	10	8	11	23	20	27	4	3	6	11	8	15	0	0	0	0	0	1	4	3	6	SPD	CDU/CSU	Bündnis 90/Die Grünen	Unentschieden	SPD Gewonnen von Bündnis 90/Die Grünen
20	Hamburg-Eimsbüttel	HH	23	19	26	29	24	34	10	8	12	21	17	25	5	3	7	9	6	12	0	0	0	1	0	1	4	2	5	SPD	CDU/CSU	Bündnis 90/Die Grünen	Tendenz zu SPD	SPD Gewonnen von Bündnis 90/Die Grünen
21	Hamburg-Nord	HH	28	25	31	29	24	33	9	8	11	20	17	23	4	3	6	6	4	8	0	0	0	1	0	1	3	2	4	SPD	CDU/CSU	SPD	Unentschieden	Wahlkreis verteidigt von SPD
22	Hamburg-Wandsbek	HH	23	19	26	33	29	39	17	15	19	11	9	13	3	2	4	8	6	10	0	0	0	1	1	1	4	3	6	SPD	CDU/CSU	SPD	Wahrscheinlich SPD	Wahlkreis verteidigt von SPD
23	Hamburg-Bergedorf – Harburg	HH	20	17	23	28	23	34	20	18	23	13	10	15	3	2	4	11	8	14	0	0	0	1	1	1	5	3	7	SPD	AfD	SPD	Tendenz zu SPD	Wahlkreis verteidigt von SPD
24	Aurich – Emden	NI	24	19	28	39	33	46	12	9	15	9	6	11	3	2	4	8	6	11	0	0	0	0	0	0	5	3	8	SPD	CDU/CSU	SPD	Wahrscheinlich SPD	Wahlkreis verteidigt von SPD
25	Unterems	NI	42	38	47	24	19	30	15	13	18	7	6	9	2	1	3	4	2	5	0	0	0	2	1	2	4	2	5	CDU/CSU	SPD	CDU/CSU	Wahrscheinlich CDU/CSU	Wahlkreis verteidigt von CDU/CSU
26	Friesland – Wilhelmshaven – Wittmund	NI	24	21	28	33	28	39	18	16	21	9	7	11	2	1	3	6	4	8	0	0	0	1	1	2	6	4	8	SPD	CDU/CSU	SPD	Tendenz zu SPD	Wahlkreis verteidigt von SPD
27	Oldenburg – Ammerland	NI	23	20	26	33	27	39	13	11	15	16	13	19	3	2	4	8	6	11	0	0	0	1	0	1	3	2	4	SPD	CDU/CSU	SPD	Tendenz zu SPD	Wahlkreis verteidigt von SPD
28	Delmenhorst – Wesermarsch – Oldenburg-Land	NI	31	28	35	27	22	32	17	15	19	10	8	12	3	2	4	5	3	7	0	0	0	2	1	2	5	3	7	CDU/CSU	SPD	SPD	Unentschieden	CDU/CSU Gewonnen von SPD
29	Cuxhaven – Stade II	NI	33	30	38	26	22	31	17	14	19	9	8	11	2	1	3	5	3	7	0	0	0	1	1	2	6	4	8	CDU/CSU	SPD	SPD	Tendenz zu CDU/CSU	CDU/CSU Gewonnen von SPD
30	Stade I – Rotenburg II	NI	38	34	42	23	18	28	16	14	17	11	9	13	3	2	4	5	4	7	0	0	0	0	0	0	5	3	7	CDU/CSU	SPD	CDU/CSU	Wahrscheinlich CDU/CSU	Wahlkreis verteidigt von CDU/CSU
31	Mittelems	NI	43	39	47	22	17	26	13	11	14	10	8	12	3	2	5	4	3	5	0	0	0	2	1	3	4	3	6	CDU/CSU	SPD	CDU/CSU	Wahrscheinlich CDU/CSU	Wahlkreis verteidigt von CDU/CSU
32	Cloppenburg – Vechta	NI	48	43	53	16	12	21	15	12	17	8	6	10	2	1	4	4	2	5	0	0	0	3	1	4	4	2	6	CDU/CSU	SPD	CDU/CSU	Mit hoher Wahrscheinlichkeit CDU/CSU	Wahlkreis verteidigt von CDU/CSU
33	Diepholz – Nienburg I	NI	38	34	42	25	20	30	15	13	17	10	8	12	3	2	4	4	3	6	0	0	0	1	1	2	4	2	5	CDU/CSU	SPD	CDU/CSU	Wahrscheinlich CDU/CSU	Wahlkreis verteidigt von CDU/CSU
34	Osterholz – Verden	NI	39	35	44	24	18	29	10	8	12	13	10	16	3	2	5	6	4	8	0	0	0	0	0	0	5	3	7	CDU/CSU	SPD	CDU/CSU	Wahrscheinlich CDU/CSU	Wahlkreis verteidigt von CDU/CSU
35	Rotenburg I – Heidekreis	NI	29	25	33	32	27	38	17	15	19	9	7	10	2	1	3	7	5	9	0	0	0	1	1	2	3	2	5	SPD	CDU/CSU	SPD	Unentschieden	Wahlkreis verteidigt von SPD
36	Harburg	NI	35	31	39	24	19	28	15	13	17	13	10	15	3	2	4	5	3	7	0	0	0	1	1	2	4	2	6	CDU/CSU	SPD	SPD	Wahrscheinlich CDU/CSU	CDU/CSU Gewonnen von SPD
37	Lüchow-Dannenberg – Lüneburg	NI	27	24	31	24	19	30	14	12	16	19	16	22	3	2	4	7	5	9	0	0	0	1	1	2	4	3	6	CDU/CSU	SPD	SPD	Unentschieden	CDU/CSU Gewonnen von SPD
38	Osnabrück-Land	NI	37	33	41	24	20	30	14	13	16	12	10	15	3	2	4	4	3	6	0	0	0	0	0	0	6	4	8	CDU/CSU	SPD	CDU/CSU	Wahrscheinlich CDU/CSU	Wahlkreis verteidigt von CDU/CSU
39	Stadt Osnabrück	NI	31	27	35	25	20	30	12	10	13	17	14	20	3	2	4	8	6	11	0	0	0	1	0	1	4	2	5	CDU/CSU	SPD	SPD	Tendenz zu CDU/CSU	CDU/CSU Gewonnen von SPD
40	Nienburg II – Schaumburg	NI	31	27	35	29	24	34	17	15	19	10	8	12	2	1	3	5	4	7	0	0	0	1	1	2	5	3	7	CDU/CSU	SPD	SPD	Unentschieden	CDU/CSU Gewonnen von SPD
41	Stadt Hannover I	NI	24	20	26	30	25	35	14	12	16	16	13	19	4	2	5	7	5	10	0	0	0	1	1	1	5	3	7	SPD	CDU/CSU	SPD	Tendenz zu SPD	Wahlkreis verteidigt von SPD
42	Stadt Hannover II	NI	23	20	27	30	24	35	12	10	15	20	17	23	3	2	4	8	5	10	0	0	0	1	0	1	4	3	6	SPD	CDU/CSU	SPD	Tendenz zu SPD	Wahlkreis verteidigt von SPD
43	Hannover-Land I	NI	32	29	36	31	26	36	15	13	17	10	8	12	2	1	3	4	3	6	0	0	0	1	1	2	4	2	6	CDU/CSU	SPD	SPD	Unentschieden	CDU/CSU Gewonnen von SPD
44	Celle – Uelzen	NI	33	29	37	25	21	31	19	17	21	10	8	12	3	1	4	5	4	6	0	0	0	2	1	3	4	2	5	CDU/CSU	SPD	CDU/CSU	Tendenz zu CDU/CSU	Wahlkreis verteidigt von CDU/CSU
45	Gifhorn – Peine	NI	29	25	33	31	26	36	18	16	21	9	7	11	2	1	3	6	4	8	0	0	0	1	1	2	4	2	5	SPD	CDU/CSU	SPD	Unentschieden	Wahlkreis verteidigt von SPD
46	Hameln-Pyrmont – Holzminden	NI	27	24	31	31	25	36	18	17	20	9	7	11	2	1	3	7	5	10	0	0	0	1	1	2	4	2	5	SPD	CDU/CSU	SPD	Unentschieden	Wahlkreis verteidigt von SPD
47	Hannover-Land II	NI	29	25	32	30	26	35	16	14	19	11	9	13	3	2	4	6	4	8	0	0	0	1	1	2	5	3	7	SPD	CDU/CSU	SPD	Unentschieden	Wahlkreis verteidigt von SPD
48	Hildesheim	NI	29	26	32	29	24	34	16	14	18	11	9	14	2	2	3	6	4	9	0	0	0	1	1	1	5	3	6	SPD	CDU/CSU	SPD	Unentschieden	Wahlkreis verteidigt von SPD
49	Salzgitter – Wolfenbüttel	NI	28	25	31	30	26	35	19	17	21	8	6	10	2	1	3	8	6	10	0	0	0	1	1	2	4	2	6	SPD	CDU/CSU	SPD	Unentschieden	Wahlkreis verteidigt von SPD
50	Braunschweig	NI	26	23	30	30	25	36	14	12	16	16	13	18	3	2	4	7	5	9	0	0	0	1	0	1	4	2	5	SPD	CDU/CSU	SPD	Unentschieden	Wahlkreis verteidigt von SPD
51	Helmstedt – Wolfsburg	NI	28	24	32	33	28	39	18	16	21	8	6	10	2	1	3	6	4	8	0	0	0	0	0	0	5	3	7	SPD	CDU/CSU	SPD	Tendenz zu SPD	Wahlkreis verteidigt von SPD
52	Goslar – Northeim – Göttingen II	NI	34	30	38	24	19	29	17	15	19	10	8	12	2	1	3	6	4	8	0	0	0	2	1	3	5	3	7	CDU/CSU	SPD	SPD	Tendenz zu CDU/CSU	CDU/CSU Gewonnen von SPD
53	Göttingen I	NI	31	27	34	27	21	32	9	8	11	18	15	21	4	2	5	6	5	8	0	0	0	1	1	2	4	3	6	CDU/CSU	SPD	SPD	Unentschieden	CDU/CSU Gewonnen von SPD
54	Bremen I	HB	24	21	28	23	18	27	16	14	18	17	14	20	3	2	5	11	8	13	0	0	0	0	0	0	6	4	9	CDU/CSU	SPD	SPD	Unentschieden	CDU/CSU Gewonnen von SPD
55	Bremen II – Bremerhaven	HB	21	17	24	25	21	30	21	18	24	11	9	14	2	2	3	11	8	14	0	0	0	1	1	1	8	5	11	SPD	AfD	SPD	Unentschieden	Wahlkreis verteidigt von SPD
56	Prignitz – Ostprignitz-Ruppin – Havelland I	BB	19	16	23	23	18	28	33	30	37	4	3	6	2	1	3	11	7	14	0	0	0	1	1	2	6	4	9	AfD	SPD	SPD	Tendenz zu AfD	AfD Gewonnen von SPD
57	Uckermark – Barnim I	BB	20	17	23	21	17	25	33	30	37	5	3	6	2	1	4	9	7	12	0	0	0	2	1	2	8	5	11	AfD	SPD	SPD	Wahrscheinlich AfD	AfD Gewonnen von SPD
58	Oberhavel – Havelland II	BB	27	23	31	18	14	21	28	25	32	8	6	10	3	2	4	9	7	12	0	0	0	2	1	3	5	3	7	AfD	CDU/CSU	SPD	Unentschieden	AfD Gewonnen von SPD
59	Märkisch-Oderland – Barnim II	BB	26	22	30	17	13	21	30	27	33	5	4	7	2	1	3	13	10	17	0	0	0	1	0	2	6	3	8	AfD	CDU/CSU	SPD	Unentschieden	AfD Gewonnen von SPD
60	Brandenburg an der Havel – Potsdam-Mittelmark I – Havelland III – Teltow-Fläming I	BB	22	19	26	21	17	26	30	27	33	6	4	8	2	1	3	11	9	15	0	0	0	2	1	2	6	4	9	AfD	CDU/CSU	SPD	Tendenz zu AfD	AfD Gewonnen von SPD
61	Potsdam – Potsdam-Mittelmark II – Teltow-Fläming II	BB	22	19	26	25	21	31	18	16	21	15	12	17	4	2	5	11	8	14	0	0	0	1	1	1	4	3	6	SPD	CDU/CSU	SPD	Unentschieden	Wahlkreis verteidigt von SPD
62	Dahme-Spreewald – Teltow-Fläming III	BB	24	20	28	19	15	24	30	26	35	6	4	8	2	1	4	10	8	13	0	0	0	2	1	3	7	4	9	AfD	CDU/CSU	SPD	Tendenz zu AfD	AfD Gewonnen von SPD
63	Frankfurt (Oder) – Oder-Spree	BB	18	15	21	18	14	22	35	32	39	5	4	6	2	1	3	16	13	20	0	0	0	1	1	2	5	3	7	AfD	CDU/CSU	SPD	Wahrscheinlich AfD	AfD Gewonnen von SPD
64	Cottbus – Spree-Neiße	BB	19	16	22	18	14	22	40	37	43	4	2	5	2	1	3	9	7	12	0	0	0	2	1	3	7	4	10	AfD	CDU/CSU	SPD	Wahrscheinlich AfD	AfD Gewonnen von SPD
65	Elbe-Elster – Oberspreewald-Lausitz	BB	17	14	21	18	14	23	40	36	45	4	3	5	2	1	4	10	7	13	0	0	0	2	1	3	7	4	10	AfD	SPD	SPD	Wahrscheinlich AfD	AfD Gewonnen von SPD
66	Altmark – Jerichower Land	ST	24	21	28	15	11	19	33	30	37	4	3	6	2	1	3	12	9	15	0	0	0	2	1	3	7	4	10	AfD	CDU/CSU	SPD	Tendenz zu AfD	AfD Gewonnen von SPD
67	Börde – Salzlandkreis	ST	23	20	27	14	11	18	37	34	41	4	3	5	2	1	3	12	9	15	0	0	0	2	1	3	6	4	8	AfD	CDU/CSU	CDU/CSU	Wahrscheinlich AfD	AfD Gewonnen von CDU/CSU
68	Harz	ST	25	22	29	18	14	22	32	29	35	4	3	6	2	1	3	11	8	14	0	0	0	2	1	3	6	4	8	AfD	CDU/CSU	CDU/CSU	Tendenz zu AfD	AfD Gewonnen von CDU/CSU
69	Magdeburg	ST	23	20	28	19	14	23	28	24	32	7	5	8	2	1	4	11	8	14	0	0	0	1	1	2	9	6	13	AfD	CDU/CSU	SPD	Unentschieden	AfD Gewonnen von SPD
70	Anhalt – Dessau – Wittenberg	ST	28	24	31	14	11	17	35	32	38	5	4	7	2	1	3	9	7	12	0	0	0	3	2	4	4	3	6	AfD	CDU/CSU	CDU/CSU	Tendenz zu AfD	AfD Gewonnen von CDU/CSU
71	Halle	ST	21	18	24	17	13	21	29	27	32	6	5	8	3	2	4	17	13	21	0	0	0	1	1	2	5	4	8	AfD	CDU/CSU	SPD	Tendenz zu AfD	AfD Gewonnen von SPD
72	Burgenland – Saalekreis	ST	24	20	27	14	11	18	41	38	44	4	3	5	2	1	3	9	7	12	0	0	0	2	1	3	5	3	7	AfD	CDU/CSU	CDU/CSU	Wahrscheinlich AfD	AfD Gewonnen von CDU/CSU
73	Mansfeld	ST	23	19	26	14	10	18	40	37	44	3	2	4	2	1	3	11	8	14	0	0	0	2	1	3	5	3	7	AfD	CDU/CSU	CDU/CSU	Wahrscheinlich AfD	AfD Gewonnen von CDU/CSU
74	Berlin-Mitte	BE	19	16	22	21	18	25	15	12	18	20	17	23	5	3	7	12	9	15	4	2	7	0	0	1	3	2	5	SPD	Bündnis 90/Die Grünen	Bündnis 90/Die Grünen	Unentschieden	SPD Gewonnen von Bündnis 90/Die Grünen
75	Berlin-Pankow	BE	18	15	21	13	10	17	25	22	29	15	12	18	3	2	4	18	14	24	0	0	0	1	0	1	7	4	10	AfD	Die Linke	Bündnis 90/Die Grünen	Tendenz zu AfD	AfD Gewonnen von Bündnis 90/Die Grünen
76	Berlin-Reinickendorf	BE	28	24	32	25	20	31	21	19	25	9	7	11	3	2	4	7	5	10	0	0	0	0	0	0	6	4	9	CDU/CSU	SPD	CDU/CSU	Unentschieden	Wahlkreis verteidigt von CDU/CSU
77	Berlin-Spandau – Charlottenburg Nord	BE	25	22	29	24	20	28	22	20	25	9	7	10	3	2	4	9	7	12	0	0	0	0	0	0	8	4	11	CDU/CSU	SPD	SPD	Unentschieden	CDU/CSU Gewonnen von SPD
78	Berlin-Steglitz-Zehlendorf	BE	39	34	44	21	16	26	10	8	13	17	14	21	4	3	7	6	3	8	0	0	0	1	0	1	2	1	3	CDU/CSU	SPD	CDU/CSU	Wahrscheinlich CDU/CSU	Wahlkreis verteidigt von CDU/CSU
79	Berlin-Charlottenburg-Wilmersdorf	BE	32	28	38	23	18	28	11	9	13	17	13	20	5	3	8	7	5	11	0	0	0	0	0	0	4	2	7	CDU/CSU	SPD	SPD	Tendenz zu CDU/CSU	CDU/CSU Gewonnen von SPD
80	Berlin-Tempelhof-Schöneberg	BE	24	21	28	21	16	25	16	13	18	19	16	22	3	2	5	10	7	14	0	0	0	0	0	0	6	4	9	CDU/CSU	SPD	SPD	Unentschieden	CDU/CSU Gewonnen von SPD
81	Berlin-Neukölln	BE	20	17	24	21	17	26	20	17	23	12	10	15	3	2	4	16	12	20	0	0	0	1	0	1	7	4	10	SPD	CDU/CSU	SPD	Unentschieden	Wahlkreis verteidigt von SPD
82	Berlin-Friedrichshain-Kreuzberg – Prenzlauer Berg Ost	BE	13	10	17	18	13	22	15	12	19	23	19	28	4	3	7	19	15	24	0	0	0	0	0	0	8	4	11	Bündnis 90/Die Grünen	Die Linke	Bündnis 90/Die Grünen	Unentschieden	Wahlkreis verteidigt von Bündnis 90/Die Grünen
83	Berlin-Treptow-Köpenick	BE	15	12	18	9	6	12	18	15	22	3	2	4	3	1	4	38	33	44	9	5	12	0	0	0	5	3	8	Die Linke	AfD	Die Linke	Wahrscheinlich Die Linke	Wahlkreis verteidigt von Die Linke
84	Berlin-Marzahn-Hellersdorf	BE	25	21	29	11	8	14	27	23	31	4	2	5	2	1	2	19	15	24	10	6	14	1	0	1	3	2	5	AfD	CDU/CSU	CDU/CSU	Unentschieden	AfD Gewonnen von CDU/CSU
85	Berlin-Lichtenberg	BE	17	14	20	10	7	13	22	18	26	6	4	7	2	1	4	23	17	28	12	8	16	0	0	1	9	6	12	Die Linke	AfD	Die Linke	Unentschieden	Wahlkreis verteidigt von Die Linke
86	Aachen I	NW	33	29	37	21	16	26	0	0	0	25	21	29	4	3	6	9	6	12	0	0	0	1	1	2	7	5	10	CDU/CSU	Bündnis 90/Die Grünen	Bündnis 90/Die Grünen	Tendenz zu CDU/CSU	CDU/CSU Gewonnen von Bündnis 90/Die Grünen
87	Aachen II	NW	41	36	46	29	24	35	0	0	0	11	9	13	3	2	4	7	5	9	0	0	0	1	1	2	7	5	10	CDU/CSU	SPD	SPD	Wahrscheinlich CDU/CSU	CDU/CSU Gewonnen von SPD
88	Heinsberg	NW	40	35	44	23	17	28	16	14	19	9	7	11	2	1	3	4	3	5	0	0	0	2	1	3	5	3	7	CDU/CSU	SPD	CDU/CSU	Wahrscheinlich CDU/CSU	Wahlkreis verteidigt von CDU/CSU
89	Düren	NW	38	34	42	24	20	29	17	15	20	8	6	10	2	1	3	5	3	6	0	0	0	2	1	2	4	3	6	CDU/CSU	SPD	CDU/CSU	Wahrscheinlich CDU/CSU	Wahlkreis verteidigt von CDU/CSU
90	Rhein-Erft-Kreis I	NW	37	33	41	24	20	28	15	14	17	11	9	13	3	2	5	5	3	6	0	0	0	1	1	2	4	2	5	CDU/CSU	SPD	CDU/CSU	Wahrscheinlich CDU/CSU	Wahlkreis verteidigt von CDU/CSU
91	Euskirchen – Rhein-Erft-Kreis II	NW	38	34	42	20	17	25	17	15	18	11	9	13	4	2	5	4	3	5	0	0	0	2	1	3	4	3	6	CDU/CSU	SPD	CDU/CSU	Wahrscheinlich CDU/CSU	Wahlkreis verteidigt von CDU/CSU
92	Köln I	NW	25	22	28	26	21	31	15	13	17	16	14	19	3	2	5	10	7	14	0	0	0	1	1	1	4	2	6	SPD	CDU/CSU	SPD	Unentschieden	Wahlkreis verteidigt von SPD
93	Köln II	NW	29	26	32	20	16	23	8	6	9	31	27	34	4	3	6	4	2	5	0	0	0	1	0	1	5	3	6	Bündnis 90/Die Grünen	CDU/CSU	Bündnis 90/Die Grünen	Unentschieden	Wahlkreis verteidigt von Bündnis 90/Die Grünen
94	Köln III	NW	20	18	23	24	20	27	15	13	18	26	23	30	3	2	4	6	4	9	0	0	0	1	1	2	4	3	6	Bündnis 90/Die Grünen	SPD	SPD	Unentschieden	Bündnis 90/Die Grünen Gewonnen von SPD
95	Bonn	NW	31	27	35	23	19	27	11	10	13	19	16	22	5	3	7	6	4	8	0	0	0	1	1	2	4	2	6	CDU/CSU	SPD	Bündnis 90/Die Grünen	Tendenz zu CDU/CSU	CDU/CSU Gewonnen von Bündnis 90/Die Grünen
96	Rhein-Sieg-Kreis I	NW	37	33	41	23	19	27	15	14	17	12	10	14	4	2	5	5	3	6	0	0	0	1	1	2	4	2	5	CDU/CSU	SPD	CDU/CSU	Wahrscheinlich CDU/CSU	Wahlkreis verteidigt von CDU/CSU
97	Rhein-Sieg-Kreis II	NW	45	41	49	20	16	24	12	10	14	12	9	14	3	2	4	4	2	5	0	0	0	1	1	2	4	2	5	CDU/CSU	SPD	CDU/CSU	Mit hoher Wahrscheinlichkeit CDU/CSU	Wahlkreis verteidigt von CDU/CSU
98	Oberbergischer Kreis	NW	37	34	41	20	16	24	18	16	20	10	8	12	3	2	4	5	3	6	0	0	0	2	1	3	5	3	8	CDU/CSU	SPD	CDU/CSU	Wahrscheinlich CDU/CSU	Wahlkreis verteidigt von CDU/CSU
99	Rheinisch-Bergischer Kreis	NW	41	37	45	17	13	21	13	11	15	15	12	18	6	3	8	4	2	5	0	0	0	3	1	4	2	1	4	CDU/CSU	SPD	CDU/CSU	Wahrscheinlich CDU/CSU	Wahlkreis verteidigt von CDU/CSU
100	Leverkusen – Köln IV	NW	23	19	26	33	27	38	18	16	20	10	8	12	3	2	4	9	6	12	0	0	0	1	0	1	5	3	6	SPD	CDU/CSU	SPD	Wahrscheinlich SPD	Wahlkreis verteidigt von SPD
101	Wuppertal I	NW	26	23	29	29	25	34	19	17	21	11	9	13	4	2	5	7	5	9	0	0	0	1	1	2	4	2	5	SPD	CDU/CSU	SPD	Unentschieden	Wahlkreis verteidigt von SPD
102	Solingen – Remscheid – Wuppertal II	NW	30	26	33	30	25	36	16	14	19	9	7	11	3	2	4	5	4	7	0	0	0	0	0	0	6	4	9	SPD	CDU/CSU	SPD	Unentschieden	Wahlkreis verteidigt von SPD
103	Mettmann I	NW	36	32	39	20	16	24	13	12	15	18	16	21	4	3	6	4	3	6	0	0	0	0	0	0	4	2	6	CDU/CSU	SPD	CDU/CSU	Wahrscheinlich CDU/CSU	Wahlkreis verteidigt von CDU/CSU
104	Mettmann II	NW	36	32	39	25	20	29	15	13	17	12	9	14	3	2	4	5	3	7	0	0	0	0	0	0	5	3	7	CDU/CSU	SPD	CDU/CSU	Wahrscheinlich CDU/CSU	Wahlkreis verteidigt von CDU/CSU
105	Düsseldorf I	NW	40	36	44	20	15	24	10	9	12	17	14	20	5	4	7	4	2	5	0	0	0	1	1	2	3	2	4	CDU/CSU	SPD	CDU/CSU	Wahrscheinlich CDU/CSU	Wahlkreis verteidigt von CDU/CSU
106	Düsseldorf II	NW	27	24	30	22	17	27	16	13	18	17	15	21	4	2	5	6	4	8	0	0	0	0	0	0	8	5	11	CDU/CSU	SPD	SPD	Unentschieden	CDU/CSU Gewonnen von SPD
107	Neuss I	NW	38	33	42	23	19	28	15	13	17	10	8	12	3	2	4	5	3	7	0	0	0	0	0	0	6	4	9	CDU/CSU	SPD	CDU/CSU	Wahrscheinlich CDU/CSU	Wahlkreis verteidigt von CDU/CSU
108	Mönchengladbach	NW	36	32	41	18	14	23	18	16	20	12	10	15	3	2	4	0	0	0	0	0	0	2	1	3	10	7	14	CDU/CSU	SPD	CDU/CSU	Wahrscheinlich CDU/CSU	Wahlkreis verteidigt von CDU/CSU
109	Krefeld I – Neuss II	NW	38	34	42	19	15	23	15	13	17	13	11	16	5	3	6	4	3	6	0	0	0	2	1	3	4	2	5	CDU/CSU	SPD	CDU/CSU	Wahrscheinlich CDU/CSU	Wahlkreis verteidigt von CDU/CSU
110	Viersen	NW	41	36	45	21	17	25	14	12	16	11	9	13	3	2	4	5	3	6	0	0	0	1	1	2	5	3	7	CDU/CSU	SPD	CDU/CSU	Wahrscheinlich CDU/CSU	Wahlkreis verteidigt von CDU/CSU
111	Kleve	NW	40	36	43	22	17	27	14	13	16	11	9	13	3	2	5	5	3	6	0	0	0	2	1	3	3	2	5	CDU/CSU	SPD	CDU/CSU	Wahrscheinlich CDU/CSU	Wahlkreis verteidigt von CDU/CSU
112	Wesel I	NW	35	31	39	24	20	30	16	14	18	10	9	13	3	2	4	6	4	8	0	0	0	2	1	2	4	2	6	CDU/CSU	SPD	SPD	Wahrscheinlich CDU/CSU	CDU/CSU Gewonnen von SPD
113	Krefeld II – Wesel II	NW	33	30	37	26	22	31	15	14	17	10	9	12	3	2	4	6	4	8	0	0	0	1	1	2	5	3	7	CDU/CSU	SPD	SPD	Tendenz zu CDU/CSU	CDU/CSU Gewonnen von SPD
114	Duisburg I	NW	21	18	25	34	28	40	19	17	21	10	8	13	2	1	3	8	6	11	0	0	0	1	1	1	5	3	7	SPD	CDU/CSU	SPD	Wahrscheinlich SPD	Wahlkreis verteidigt von SPD
115	Duisburg II	NW	21	18	24	29	24	34	25	23	28	8	6	10	2	1	3	9	7	12	0	0	0	1	1	2	5	3	7	SPD	AfD	SPD	Unentschieden	Wahlkreis verteidigt von SPD
116	Oberhausen – Wesel III	NW	26	22	30	26	21	32	20	18	24	10	8	12	3	2	4	7	5	9	0	0	0	0	0	0	7	5	11	SPD	CDU/CSU	SPD	Unentschieden	Wahlkreis verteidigt von SPD
117	Mülheim – Essen I	NW	27	23	30	30	25	35	18	15	20	11	9	13	3	2	4	5	3	7	0	0	0	1	1	2	6	4	8	SPD	CDU/CSU	SPD	Unentschieden	Wahlkreis verteidigt von SPD
118	Essen II	NW	22	19	25	28	23	33	23	21	26	9	8	11	2	1	3	8	6	11	0	0	0	1	1	2	6	4	8	SPD	AfD	SPD	Unentschieden	Wahlkreis verteidigt von SPD
119	Essen III	NW	37	33	41	21	16	26	12	10	14	16	13	19	3	2	4	5	4	7	0	0	0	1	1	2	5	3	7	CDU/CSU	SPD	CDU/CSU	Wahrscheinlich CDU/CSU	Wahlkreis verteidigt von CDU/CSU
120	Recklinghausen I	NW	28	24	32	31	26	36	18	16	20	9	7	11	3	2	4	6	4	8	0	0	0	1	1	1	5	3	7	SPD	CDU/CSU	SPD	Unentschieden	Wahlkreis verteidigt von SPD
121	Recklinghausen II	NW	30	27	34	29	24	34	19	17	21	9	7	11	2	2	3	5	4	7	0	0	0	1	1	2	4	2	6	CDU/CSU	SPD	SPD	Unentschieden	CDU/CSU Gewonnen von SPD
122	Gelsenkirchen	NW	21	18	24	28	23	33	26	24	29	9	7	10	2	2	4	7	5	9	0	0	0	1	1	2	5	3	8	SPD	AfD	SPD	Unentschieden	Wahlkreis verteidigt von SPD
123	Steinfurt I – Borken I	NW	42	38	46	21	16	26	14	12	16	10	8	12	3	2	4	4	3	6	0	0	0	2	1	2	4	3	6	CDU/CSU	SPD	CDU/CSU	Wahrscheinlich CDU/CSU	Wahlkreis verteidigt von CDU/CSU
124	Bottrop – Recklinghausen III	NW	29	25	33	29	24	34	19	17	21	9	7	11	3	2	4	6	4	8	0	0	0	1	1	2	5	3	7	CDU/CSU	SPD	SPD	Unentschieden	CDU/CSU Gewonnen von SPD
125	Borken II	NW	46	41	50	19	15	23	12	10	14	10	8	12	3	2	4	4	3	5	0	0	0	2	1	3	4	3	6	CDU/CSU	SPD	CDU/CSU	Mit hoher Wahrscheinlichkeit CDU/CSU	Wahlkreis verteidigt von CDU/CSU
126	Coesfeld – Steinfurt II	NW	45	40	50	19	14	24	11	9	12	14	11	16	3	2	4	4	3	5	0	0	0	0	0	0	5	3	7	CDU/CSU	SPD	CDU/CSU	Mit hoher Wahrscheinlichkeit CDU/CSU	Wahlkreis verteidigt von CDU/CSU
127	Steinfurt III	NW	37	33	41	23	18	28	14	12	16	13	11	16	3	2	4	5	3	6	0	0	0	0	0	0	5	3	8	CDU/CSU	SPD	CDU/CSU	Wahrscheinlich CDU/CSU	Wahlkreis verteidigt von CDU/CSU
128	Münster	NW	30	26	34	20	15	24	9	7	11	28	24	32	4	2	5	6	4	8	0	0	0	0	0	0	5	3	7	CDU/CSU	Bündnis 90/Die Grünen	Bündnis 90/Die Grünen	Unentschieden	CDU/CSU Gewonnen von Bündnis 90/Die Grünen
129	Warendorf	NW	39	34	43	24	19	29	14	13	16	11	9	13	3	2	4	5	3	6	0	0	0	1	1	2	4	2	5	CDU/CSU	SPD	CDU/CSU	Wahrscheinlich CDU/CSU	Wahlkreis verteidigt von CDU/CSU
130	Gütersloh I	NW	42	38	46	20	16	25	15	13	17	10	9	12	3	2	4	4	3	5	0	0	0	2	1	3	4	2	6	CDU/CSU	SPD	CDU/CSU	Wahrscheinlich CDU/CSU	Wahlkreis verteidigt von CDU/CSU
131	Bielefeld – Gütersloh II	NW	26	22	29	25	20	30	16	14	18	16	13	19	4	3	6	8	6	10	0	0	0	0	0	0	6	3	8	CDU/CSU	SPD	SPD	Unentschieden	CDU/CSU Gewonnen von SPD
132	Herford – Minden-Lübbecke II	NW	30	27	34	29	24	34	19	17	21	8	7	10	2	1	3	6	4	8	0	0	0	1	1	2	4	3	6	CDU/CSU	SPD	SPD	Unentschieden	CDU/CSU Gewonnen von SPD
133	Minden-Lübbecke I	NW	30	27	34	29	24	34	18	16	21	9	7	11	2	2	3	6	4	7	0	0	0	1	1	2	5	3	7	CDU/CSU	SPD	SPD	Unentschieden	CDU/CSU Gewonnen von SPD
134	Lippe I	NW	30	27	34	21	17	26	18	16	21	12	10	14	3	2	4	6	4	8	0	0	0	2	1	2	7	5	11	CDU/CSU	SPD	SPD	Tendenz zu CDU/CSU	CDU/CSU Gewonnen von SPD
135	Höxter – Gütersloh III – Lippe II	NW	40	35	44	24	19	30	17	14	19	8	6	10	2	1	3	4	3	5	0	0	0	2	1	2	4	2	6	CDU/CSU	SPD	CDU/CSU	Wahrscheinlich CDU/CSU	Wahlkreis verteidigt von CDU/CSU
136	Paderborn	NW	47	42	51	16	12	20	14	12	17	10	8	12	2	1	3	5	3	7	0	0	0	0	0	0	6	3	9	CDU/CSU	SPD	CDU/CSU	Mit hoher Wahrscheinlichkeit CDU/CSU	Wahlkreis verteidigt von CDU/CSU
137	Hagen – Ennepe-Ruhr-Kreis I	NW	32	28	37	21	17	27	19	17	22	10	8	13	3	2	4	5	3	7	3	2	5	2	1	2	4	2	6	CDU/CSU	SPD	SPD	Wahrscheinlich CDU/CSU	CDU/CSU Gewonnen von SPD
138	Ennepe-Ruhr-Kreis II	NW	30	27	34	27	22	31	16	14	18	12	10	14	3	2	4	6	5	8	0	0	0	1	1	2	4	3	6	CDU/CSU	SPD	SPD	Unentschieden	CDU/CSU Gewonnen von SPD
139	Bochum I	NW	26	23	30	33	27	38	10	8	12	13	11	16	4	2	6	9	7	13	0	0	0	0	0	0	5	2	7	SPD	CDU/CSU	SPD	Tendenz zu SPD	Wahlkreis verteidigt von SPD
140	Herne – Bochum II	NW	22	19	26	31	26	36	21	19	24	9	7	12	2	1	3	8	6	10	0	0	0	0	0	0	6	4	9	SPD	CDU/CSU	SPD	Tendenz zu SPD	Wahlkreis verteidigt von SPD
141	Dortmund I	NW	26	21	31	25	20	30	18	14	22	13	10	16	3	2	5	7	4	9	0	0	0	0	0	0	9	5	14	CDU/CSU	SPD	SPD	Unentschieden	CDU/CSU Gewonnen von SPD
142	Dortmund II	NW	22	19	25	28	23	33	20	17	22	12	10	15	3	2	4	8	6	11	0	0	0	0	0	0	7	4	10	SPD	CDU/CSU	SPD	Tendenz zu SPD	Wahlkreis verteidigt von SPD
143	Unna I	NW	28	25	32	30	24	35	16	14	18	11	9	13	2	1	3	6	4	8	0	0	0	0	0	0	6	4	9	SPD	CDU/CSU	SPD	Unentschieden	Wahlkreis verteidigt von SPD
144	Hamm – Unna II	NW	27	23	30	28	23	33	20	18	22	10	8	13	3	2	3	7	5	9	0	0	0	0	0	0	6	4	8	SPD	CDU/CSU	SPD	Unentschieden	Wahlkreis verteidigt von SPD
145	Soest	NW	37	33	41	22	17	27	17	15	19	11	9	13	3	2	4	4	3	6	0	0	0	2	1	2	4	2	5	CDU/CSU	SPD	CDU/CSU	Wahrscheinlich CDU/CSU	Wahlkreis verteidigt von CDU/CSU
146	Hochsauerlandkreis	NW	40	35	45	28	23	33	14	12	17	7	5	9	2	1	3	4	3	5	0	0	0	0	0	0	5	3	8	CDU/CSU	SPD	CDU/CSU	Wahrscheinlich CDU/CSU	Wahlkreis verteidigt von CDU/CSU
147	Siegen-Wittgenstein	NW	36	32	39	25	20	29	18	16	20	9	7	11	3	2	4	5	3	7	0	0	0	1	1	2	4	2	5	CDU/CSU	SPD	CDU/CSU	Wahrscheinlich CDU/CSU	Wahlkreis verteidigt von CDU/CSU
148	Olpe – Märkischer Kreis I	NW	39	35	43	24	19	29	17	15	19	8	6	9	3	2	4	4	3	6	0	0	0	2	1	3	3	2	5	CDU/CSU	SPD	CDU/CSU	Wahrscheinlich CDU/CSU	Wahlkreis verteidigt von CDU/CSU
149	Märkischer Kreis II	NW	37	33	41	22	18	26	19	17	22	8	6	10	3	2	4	5	4	7	0	0	0	0	0	0	6	4	9	CDU/CSU	SPD	CDU/CSU	Wahrscheinlich CDU/CSU	Wahlkreis verteidigt von CDU/CSU
150	Nordsachsen	SN	31	26	36	10	7	14	39	36	42	4	2	5	1	1	2	8	6	11	0	0	0	3	1	4	4	2	6	AfD	CDU/CSU	AfD	Tendenz zu AfD	Wahlkreis verteidigt von AfD
151	Leipzig I	SN	21	18	26	14	10	17	27	24	31	8	6	10	3	2	4	15	12	19	7	4	10	1	0	2	4	2	7	AfD	CDU/CSU	CDU/CSU	Tendenz zu AfD	AfD Gewonnen von CDU/CSU
152	Leipzig II	SN	21	17	24	11	8	14	20	17	23	9	7	12	3	2	4	24	19	28	6	4	9	1	0	1	6	3	8	Die Linke	CDU/CSU	Die Linke	Unentschieden	Wahlkreis verteidigt von Die Linke
153	Leipzig-Land	SN	32	28	37	11	8	14	33	29	37	4	3	5	2	1	2	7	5	9	8	5	11	2	1	3	2	1	4	AfD	CDU/CSU	AfD	Unentschieden	Wahlkreis verteidigt von AfD
154	Meißen	SN	27	23	32	9	6	12	43	39	46	4	3	6	2	1	3	8	6	11	0	0	0	3	2	5	5	3	7	AfD	CDU/CSU	AfD	Wahrscheinlich AfD	Wahlkreis verteidigt von AfD
155	Bautzen I	SN	29	24	33	7	5	9	44	40	47	2	1	3	1	1	2	9	7	12	0	0	0	2	1	4	6	4	8	AfD	CDU/CSU	AfD	Wahrscheinlich AfD	Wahlkreis verteidigt von AfD
156	Görlitz	SN	28	23	32	6	4	8	41	37	46	3	2	3	1	0	2	7	4	9	10	6	16	2	1	3	3	2	5	AfD	CDU/CSU	AfD	Wahrscheinlich AfD	Wahlkreis verteidigt von AfD
157	Sächsische Schweiz-Osterzgebirge	SN	24	20	29	8	5	11	45	41	50	3	2	5	1	1	2	10	7	14	0	0	0	3	1	4	5	3	8	AfD	CDU/CSU	AfD	Wahrscheinlich AfD	Wahlkreis verteidigt von AfD
158	Dresden I	SN	21	18	25	12	9	15	32	29	36	6	4	8	3	2	5	18	15	22	0	0	0	0	0	0	7	4	11	AfD	CDU/CSU	CDU/CSU	Wahrscheinlich AfD	AfD Gewonnen von CDU/CSU
159	Dresden II – Bautzen II	SN	22	18	26	14	11	18	32	28	36	9	7	11	4	2	6	12	9	15	0	0	0	1	1	2	6	4	9	AfD	CDU/CSU	CDU/CSU	Wahrscheinlich AfD	AfD Gewonnen von CDU/CSU
160	Mittelsachsen	SN	28	24	32	9	6	12	44	41	47	3	2	4	1	1	2	8	6	11	0	0	0	2	1	3	5	3	7	AfD	CDU/CSU	AfD	Wahrscheinlich AfD	Wahlkreis verteidigt von AfD
161	Chemnitz	SN	20	17	24	17	13	22	33	29	37	5	4	6	2	1	4	9	7	12	8	5	12	1	1	2	4	2	6	AfD	CDU/CSU	SPD	Wahrscheinlich AfD	AfD Gewonnen von SPD
162	Chemnitzer Umland – Erzgebirgskreis II	SN	29	25	33	9	6	12	40	37	44	3	2	5	1	1	2	10	7	12	0	0	0	0	0	0	8	4	12	AfD	CDU/CSU	AfD	Wahrscheinlich AfD	Wahlkreis verteidigt von AfD
163	Erzgebirgskreis I	SN	29	24	34	5	4	7	37	32	42	2	1	4	1	0	2	7	4	10	13	8	20	2	1	4	3	2	4	AfD	CDU/CSU	AfD	Tendenz zu AfD	Wahlkreis verteidigt von AfD
164	Zwickau	SN	28	24	33	7	5	9	35	31	39	3	2	4	2	1	3	15	11	19	6	3	10	2	1	3	3	1	5	AfD	CDU/CSU	AfD	Tendenz zu AfD	Wahlkreis verteidigt von AfD
165	Vogtlandkreis	SN	24	21	28	12	9	16	42	38	45	4	3	5	2	1	4	8	6	10	0	0	0	2	1	4	5	3	7	AfD	CDU/CSU	CDU/CSU	Wahrscheinlich AfD	AfD Gewonnen von CDU/CSU
166	Waldeck	HE	30	26	34	27	22	33	19	17	21	9	7	11	3	2	4	6	4	8	0	0	0	2	1	3	4	2	5	CDU/CSU	SPD	SPD	Unentschieden	CDU/CSU Gewonnen von SPD
167	Kassel	HE	26	23	30	24	18	28	17	15	20	14	11	16	3	2	4	11	8	14	0	0	0	1	1	2	5	3	6	CDU/CSU	SPD	SPD	Unentschieden	CDU/CSU Gewonnen von SPD
168	Werra-Meißner – Hersfeld-Rotenburg	HE	28	24	32	30	25	35	21	19	24	7	5	8	2	1	3	7	5	9	0	0	0	1	1	2	4	3	6	SPD	CDU/CSU	SPD	Unentschieden	Wahlkreis verteidigt von SPD
169	Schwalm-Eder	HE	27	23	31	29	24	35	21	19	24	8	6	10	3	2	4	6	4	8	0	0	0	2	1	2	4	3	6	SPD	CDU/CSU	SPD	Unentschieden	Wahlkreis verteidigt von SPD
170	Marburg	HE	28	25	32	27	22	32	18	16	20	11	9	13	2	2	3	9	6	11	0	0	0	1	1	2	4	3	6	CDU/CSU	SPD	SPD	Unentschieden	CDU/CSU Gewonnen von SPD
171	Lahn-Dill	HE	33	30	37	24	19	29	20	18	22	8	6	10	2	1	3	6	4	8	0	0	0	2	1	3	4	3	6	CDU/CSU	SPD	SPD	Tendenz zu CDU/CSU	CDU/CSU Gewonnen von SPD
172	Gießen	HE	31	27	35	23	18	27	18	16	20	11	9	13	2	2	3	7	5	9	0	0	0	0	0	0	8	5	11	CDU/CSU	SPD	SPD	Tendenz zu CDU/CSU	CDU/CSU Gewonnen von SPD
173	Fulda	HE	37	33	41	16	13	20	24	22	26	8	6	9	2	1	3	4	3	6	0	0	0	4	2	5	5	3	6	CDU/CSU	AfD	CDU/CSU	Wahrscheinlich CDU/CSU	Wahlkreis verteidigt von CDU/CSU
174	Main-Kinzig – Wetterau II – Schotten	HE	32	27	36	21	17	26	23	21	26	9	7	11	4	2	5	5	4	7	0	0	0	3	2	4	4	2	6	CDU/CSU	AfD	SPD	Tendenz zu CDU/CSU	CDU/CSU Gewonnen von SPD
175	Hochtaunus	HE	39	35	43	20	16	25	15	13	17	13	10	15	4	3	6	5	3	7	0	0	0	2	1	3	3	2	4	CDU/CSU	SPD	CDU/CSU	Wahrscheinlich CDU/CSU	Wahlkreis verteidigt von CDU/CSU
176	Wetterau I	HE	34	31	38	23	19	28	16	14	19	11	9	13	4	3	5	5	3	7	0	0	0	2	1	3	4	3	6	CDU/CSU	SPD	SPD	Wahrscheinlich CDU/CSU	CDU/CSU Gewonnen von SPD
177	Rheingau-Taunus – Limburg	HE	35	31	39	22	17	27	17	15	19	12	10	15	4	3	6	5	3	7	0	0	0	2	1	3	3	2	5	CDU/CSU	SPD	CDU/CSU	Wahrscheinlich CDU/CSU	Wahlkreis verteidigt von CDU/CSU
178	Wiesbaden	HE	30	26	33	22	18	27	16	15	19	15	12	18	4	3	6	8	6	11	0	0	0	1	1	2	4	2	6	CDU/CSU	SPD	CDU/CSU	Tendenz zu CDU/CSU	Wahlkreis verteidigt von CDU/CSU
179	Hanau	HE	32	29	35	23	19	28	19	18	22	10	8	12	4	2	5	6	4	8	0	0	0	2	1	3	4	2	6	CDU/CSU	SPD	SPD	Tendenz zu CDU/CSU	CDU/CSU Gewonnen von SPD
180	Main-Taunus	HE	42	38	46	17	14	21	13	12	15	14	11	16	5	3	6	4	3	6	0	0	0	2	1	3	3	2	4	CDU/CSU	SPD	CDU/CSU	Wahrscheinlich CDU/CSU	Wahlkreis verteidigt von CDU/CSU
181	Frankfurt am Main I	HE	27	24	30	24	20	28	15	13	17	15	12	18	7	5	9	9	6	12	0	0	0	1	1	2	3	2	4	CDU/CSU	SPD	SPD	Unentschieden	CDU/CSU Gewonnen von SPD
182	Frankfurt am Main II	HE	29	26	32	15	11	18	13	11	15	24	21	28	5	4	7	8	6	10	0	0	0	2	1	2	5	3	7	CDU/CSU	Bündnis 90/Die Grünen	Bündnis 90/Die Grünen	Unentschieden	CDU/CSU Gewonnen von Bündnis 90/Die Grünen
183	Groß-Gerau	HE	34	30	38	22	17	25	18	16	20	10	8	12	3	2	4	8	6	11	0	0	0	2	1	2	4	3	6	CDU/CSU	SPD	SPD	Wahrscheinlich CDU/CSU	CDU/CSU Gewonnen von SPD
184	Offenbach	HE	30	26	34	23	18	28	18	16	20	13	10	15	4	3	5	7	5	9	0	0	0	2	1	2	4	2	6	CDU/CSU	SPD	CDU/CSU	Tendenz zu CDU/CSU	Wahlkreis verteidigt von CDU/CSU
185	Darmstadt	HE	27	24	31	20	16	25	14	12	16	20	17	23	5	3	7	8	5	10	0	0	0	1	1	2	5	3	7	CDU/CSU	SPD	SPD	Tendenz zu CDU/CSU	CDU/CSU Gewonnen von SPD
186	Odenwald	HE	33	29	36	24	19	29	17	16	20	10	8	12	4	2	5	7	5	9	0	0	0	2	1	3	4	3	6	CDU/CSU	SPD	SPD	Tendenz zu CDU/CSU	CDU/CSU Gewonnen von SPD
187	Bergstraße	HE	35	31	39	20	16	24	18	17	21	12	10	14	3	2	5	5	3	6	0	0	0	2	1	3	5	3	7	CDU/CSU	SPD	CDU/CSU	Wahrscheinlich CDU/CSU	Wahlkreis verteidigt von CDU/CSU
188	Eichsfeld – Nordhausen – Kyffhäuserkreis	TH	25	21	29	11	8	15	33	30	37	4	3	5	2	1	3	9	6	11	11	6	16	0	0	0	4	2	7	AfD	CDU/CSU	CDU/CSU	Tendenz zu AfD	AfD Gewonnen von CDU/CSU
189	Eisenach – Wartburgkreis – Unstrut-Hainich-Kreis	TH	30	25	35	10	7	14	32	28	35	3	2	4	1	1	2	11	8	14	10	6	14	1	1	2	2	1	4	AfD	CDU/CSU	AfD	Unentschieden	Wahlkreis verteidigt von AfD
190	Jena – Sömmerda – Weimarer Land I	TH	22	18	26	10	8	14	29	25	32	6	4	7	2	1	3	19	15	23	9	5	12	1	0	2	3	2	5	AfD	CDU/CSU	SPD	Tendenz zu AfD	AfD Gewonnen von SPD
191	Gotha – Ilm-Kreis	TH	25	20	29	10	7	13	33	29	37	3	2	4	1	1	2	12	9	16	12	7	18	1	1	2	2	1	4	AfD	CDU/CSU	AfD	Tendenz zu AfD	Wahlkreis verteidigt von AfD
192	Erfurt – Weimar – Weimarer Land II	TH	18	15	21	10	7	12	25	22	28	5	4	6	2	2	3	32	26	37	6	4	8	0	0	1	3	2	4	Die Linke	AfD	SPD	Tendenz zu Die Linke	Die Linke Gewonnen von SPD
193	Gera – Greiz – Altenburger Land	TH	25	22	29	12	9	15	36	33	40	3	2	3	1	1	2	10	7	12	9	6	13	1	0	1	3	1	4	AfD	CDU/CSU	AfD	Wahrscheinlich AfD	Wahlkreis verteidigt von AfD
194	Saalfeld-Rudolstadt – Saale-Holzland-Kreis – Saale-Orla-Kreis	TH	27	23	31	8	6	11	37	33	40	3	2	4	1	1	2	11	8	14	9	5	13	1	1	2	3	1	4	AfD	CDU/CSU	AfD	Wahrscheinlich AfD	Wahlkreis verteidigt von AfD
195	Suhl – Schmalkalden-Meiningen – Hildburghausen – Sonneberg	TH	23	19	26	16	12	20	32	28	35	4	3	5	2	1	2	9	6	11	11	7	16	2	1	2	3	1	4	AfD	CDU/CSU	SPD	Tendenz zu AfD	AfD Gewonnen von SPD
196	Neuwied	RP	35	30	39	21	16	26	19	16	22	9	7	11	2	1	3	5	3	6	4	2	6	3	1	4	3	1	4	CDU/CSU	SPD	CDU/CSU	Wahrscheinlich CDU/CSU	Wahlkreis verteidigt von CDU/CSU
197	Ahrweiler	RP	37	32	41	20	15	25	18	15	21	11	8	13	3	2	4	5	3	7	0	0	0	4	2	5	4	2	5	CDU/CSU	SPD	CDU/CSU	Wahrscheinlich CDU/CSU	Wahlkreis verteidigt von CDU/CSU
198	Koblenz	RP	33	29	37	22	17	27	17	15	21	11	9	14	3	2	5	6	5	9	0	0	0	3	2	4	5	3	7	CDU/CSU	SPD	CDU/CSU	Wahrscheinlich CDU/CSU	Wahlkreis verteidigt von CDU/CSU
199	Mosel/Rhein-Hunsrück	RP	39	34	44	17	12	21	19	16	22	9	7	12	3	2	5	3	2	5	0	0	0	5	3	8	5	3	7	CDU/CSU	AfD	CDU/CSU	Wahrscheinlich CDU/CSU	Wahlkreis verteidigt von CDU/CSU
200	Kreuznach	RP	33	29	39	18	14	23	20	17	24	8	6	11	3	1	4	6	4	8	6	4	9	2	1	4	4	2	5	CDU/CSU	AfD	SPD	Wahrscheinlich CDU/CSU	CDU/CSU Gewonnen von SPD
201	Bitburg	RP	41	36	47	17	12	22	17	14	21	8	6	11	2	1	4	5	3	7	0	0	0	4	2	6	4	2	6	CDU/CSU	AfD	CDU/CSU	Wahrscheinlich CDU/CSU	Wahlkreis verteidigt von CDU/CSU
202	Trier	RP	32	28	37	23	18	28	15	13	19	11	9	15	3	1	4	6	4	8	4	3	7	2	1	3	3	2	5	CDU/CSU	SPD	SPD	Tendenz zu CDU/CSU	CDU/CSU Gewonnen von SPD
203	Montabaur	RP	34	30	38	21	16	27	19	17	23	9	7	11	3	2	4	6	4	8	0	0	0	3	2	5	5	3	8	CDU/CSU	SPD	SPD	Wahrscheinlich CDU/CSU	CDU/CSU Gewonnen von SPD
204	Mainz	RP	32	28	36	18	14	22	13	11	16	14	11	18	3	2	5	13	9	16	3	1	5	1	0	1	3	2	5	CDU/CSU	SPD	SPD	Wahrscheinlich CDU/CSU	CDU/CSU Gewonnen von SPD
205	Worms	RP	37	33	42	19	14	23	18	16	21	9	7	11	2	1	4	5	3	6	5	2	7	2	1	3	3	2	5	CDU/CSU	SPD	CDU/CSU	Wahrscheinlich CDU/CSU	Wahlkreis verteidigt von CDU/CSU
206	Ludwigshafen/Frankenthal	RP	30	26	34	22	17	27	21	18	24	10	7	12	3	1	4	6	4	8	4	2	6	2	1	3	3	2	5	CDU/CSU	SPD	SPD	Tendenz zu CDU/CSU	CDU/CSU Gewonnen von SPD
207	Neustadt – Speyer	RP	38	33	43	16	12	20	18	16	21	12	9	15	3	2	4	5	3	7	4	2	6	3	1	4	2	1	3	CDU/CSU	AfD	CDU/CSU	Wahrscheinlich CDU/CSU	Wahlkreis verteidigt von CDU/CSU
208	Kaiserslautern	RP	26	22	31	22	17	27	22	19	27	8	6	12	2	1	4	7	4	9	7	4	10	2	1	3	4	2	6	CDU/CSU	AfD	SPD	Unentschieden	CDU/CSU Gewonnen von SPD
209	Pirmasens	RP	33	29	38	18	13	23	22	19	26	7	5	9	2	1	3	5	3	7	6	4	9	2	1	4	4	2	6	CDU/CSU	AfD	SPD	Wahrscheinlich CDU/CSU	CDU/CSU Gewonnen von SPD
210	Südpfalz	RP	36	31	42	18	13	23	19	16	22	10	8	12	3	2	5	5	3	7	3	1	5	2	1	4	4	2	7	CDU/CSU	AfD	SPD	Wahrscheinlich CDU/CSU	CDU/CSU Gewonnen von SPD
211	Altötting	BY	43	38	49	9	6	12	20	17	26	8	6	12	3	1	4	5	3	7	0	0	0	7	4	10	5	3	8	CDU/CSU	AfD	CDU/CSU	Wahrscheinlich CDU/CSU	Wahlkreis verteidigt von CDU/CSU
212	Erding – Ebersberg	BY	48	43	53	12	9	16	13	11	17	13	11	17	3	2	5	4	3	6	0	0	0	4	2	6	3	2	4	CDU/CSU	Bündnis 90/Die Grünen	CDU/CSU	Mit hoher Wahrscheinlichkeit CDU/CSU	Wahlkreis verteidigt von CDU/CSU
213	Freising	BY	41	35	48	10	7	13	18	14	25	12	9	17	3	1	5	5	3	8	0	0	0	6	4	9	4	2	6	CDU/CSU	AfD	CDU/CSU	Wahrscheinlich CDU/CSU	Wahlkreis verteidigt von CDU/CSU
214	Fürstenfeldbruck	BY	45	40	51	16	12	21	14	11	19	11	9	15	4	2	5	4	2	5	0	0	0	3	2	4	4	2	5	CDU/CSU	SPD	CDU/CSU	Mit hoher Wahrscheinlichkeit CDU/CSU	Wahlkreis verteidigt von CDU/CSU
215	Ingolstadt	BY	46	41	51	12	8	16	17	14	21	9	7	12	2	1	4	5	3	7	0	0	0	5	3	7	5	3	8	CDU/CSU	AfD	CDU/CSU	Mit hoher Wahrscheinlichkeit CDU/CSU	Wahlkreis verteidigt von CDU/CSU
216	München-Nord	BY	35	31	40	20	16	24	11	9	15	19	16	22	5	3	8	5	3	7	0	0	0	1	1	2	3	2	5	CDU/CSU	SPD	CDU/CSU	Wahrscheinlich CDU/CSU	Wahlkreis verteidigt von CDU/CSU
217	München-Ost	BY	39	34	43	18	14	23	11	8	14	19	16	22	4	3	6	4	3	6	0	0	0	2	1	3	3	2	5	CDU/CSU	Bündnis 90/Die Grünen	CDU/CSU	Wahrscheinlich CDU/CSU	Wahlkreis verteidigt von CDU/CSU
218	München-Süd	BY	36	31	40	16	12	21	11	9	14	22	19	26	4	2	6	4	3	6	2	1	3	2	1	3	3	2	5	CDU/CSU	Bündnis 90/Die Grünen	Bündnis 90/Die Grünen	Wahrscheinlich CDU/CSU	CDU/CSU Gewonnen von Bündnis 90/Die Grünen
219	München-West/Mitte	BY	39	34	45	19	15	24	0	0	0	24	21	29	4	3	6	6	5	9	0	0	0	1	1	2	6	4	8	CDU/CSU	Bündnis 90/Die Grünen	CDU/CSU	Wahrscheinlich CDU/CSU	Wahlkreis verteidigt von CDU/CSU
220	München-Land	BY	45	41	50	15	12	20	10	8	13	16	14	19	4	3	6	4	3	6	0	0	0	2	1	3	3	1	4	CDU/CSU	Bündnis 90/Die Grünen	CDU/CSU	Mit hoher Wahrscheinlichkeit CDU/CSU	Wahlkreis verteidigt von CDU/CSU
221	Rosenheim	BY	39	33	46	11	8	14	17	14	24	12	9	16	3	2	5	4	2	6	0	0	0	5	3	7	8	5	13	CDU/CSU	AfD	CDU/CSU	Wahrscheinlich CDU/CSU	Wahlkreis verteidigt von CDU/CSU
222	Bad Tölz-Wolfratshausen – Miesbach	BY	47	40	55	11	6	15	10	6	17	15	11	21	4	2	6	4	2	6	0	0	0	5	2	8	6	3	10	CDU/CSU	Bündnis 90/Die Grünen	CDU/CSU	Mit hoher Wahrscheinlichkeit CDU/CSU	Wahlkreis verteidigt von CDU/CSU
223	Starnberg – Landsberg am Lech	BY	44	40	49	11	8	15	12	10	16	18	15	21	5	3	7	4	2	6	0	0	0	3	2	4	4	2	5	CDU/CSU	Bündnis 90/Die Grünen	CDU/CSU	Mit hoher Wahrscheinlichkeit CDU/CSU	Wahlkreis verteidigt von CDU/CSU
224	Traunstein	BY	39	33	47	11	8	15	19	15	26	11	8	16	3	1	5	6	3	9	0	0	0	6	4	9	6	3	9	CDU/CSU	AfD	CDU/CSU	Wahrscheinlich CDU/CSU	Wahlkreis verteidigt von CDU/CSU
225	Weilheim	BY	45	39	52	13	9	17	15	12	22	11	8	15	3	1	5	4	2	6	0	0	0	4	2	6	6	3	9	CDU/CSU	AfD	CDU/CSU	Mit hoher Wahrscheinlichkeit CDU/CSU	Wahlkreis verteidigt von CDU/CSU
226	Deggendorf	BY	36	30	43	9	6	12	25	20	32	8	5	12	2	1	4	5	3	8	0	0	0	10	6	15	6	3	9	CDU/CSU	AfD	CDU/CSU	Wahrscheinlich CDU/CSU	Wahlkreis verteidigt von CDU/CSU
227	Landshut	BY	39	34	45	13	9	17	18	15	24	12	9	16	4	3	6	3	1	5	0	0	0	7	5	10	4	2	5	CDU/CSU	AfD	CDU/CSU	Wahrscheinlich CDU/CSU	Wahlkreis verteidigt von CDU/CSU
228	Passau	BY	34	28	41	11	7	15	22	17	28	10	7	15	2	1	4	5	3	8	6	2	10	7	4	10	3	2	5	CDU/CSU	AfD	CDU/CSU	Wahrscheinlich CDU/CSU	Wahlkreis verteidigt von CDU/CSU
229	Rottal-Inn	BY	34	29	41	10	6	14	22	17	30	11	7	18	4	2	6	4	2	6	0	0	0	10	6	16	5	3	8	CDU/CSU	AfD	CDU/CSU	Wahrscheinlich CDU/CSU	Wahlkreis verteidigt von CDU/CSU
230	Straubing	BY	42	36	49	10	7	14	21	18	28	7	5	11	2	1	3	4	2	6	0	0	0	7	4	11	6	4	10	CDU/CSU	AfD	CDU/CSU	Wahrscheinlich CDU/CSU	Wahlkreis verteidigt von CDU/CSU
231	Amberg	BY	41	35	49	10	7	14	20	16	26	8	6	13	2	1	3	6	3	9	0	0	0	7	4	10	5	2	8	CDU/CSU	AfD	CDU/CSU	Wahrscheinlich CDU/CSU	Wahlkreis verteidigt von CDU/CSU
232	Regensburg	BY	40	35	46	11	7	14	16	14	22	14	11	19	3	1	4	5	3	7	4	2	6	4	2	6	3	2	5	CDU/CSU	AfD	CDU/CSU	Wahrscheinlich CDU/CSU	Wahlkreis verteidigt von CDU/CSU
233	Schwandorf	BY	34	28	41	11	8	16	25	20	33	8	5	12	2	1	3	6	3	10	0	0	0	10	5	16	4	2	7	CDU/CSU	AfD	CDU/CSU	Tendenz zu CDU/CSU	Wahlkreis verteidigt von CDU/CSU
234	Weiden	BY	39	33	46	16	11	21	21	17	28	7	4	11	2	1	3	4	2	7	0	0	0	4	2	6	7	4	11	CDU/CSU	AfD	CDU/CSU	Wahrscheinlich CDU/CSU	Wahlkreis verteidigt von CDU/CSU
235	Bamberg	BY	39	35	44	15	11	19	17	14	20	13	10	16	2	2	4	5	3	6	0	0	0	3	2	5	5	3	8	CDU/CSU	AfD	CDU/CSU	Wahrscheinlich CDU/CSU	Wahlkreis verteidigt von CDU/CSU
236	Bayreuth	BY	45	40	51	13	9	17	17	14	20	10	8	13	2	1	4	4	3	6	0	0	0	4	2	5	4	2	7	CDU/CSU	AfD	CDU/CSU	Mit hoher Wahrscheinlichkeit CDU/CSU	Wahlkreis verteidigt von CDU/CSU
237	Coburg	BY	38	33	43	15	11	19	18	15	22	10	7	13	2	1	3	4	3	7	6	3	10	3	2	5	3	2	5	CDU/CSU	AfD	CDU/CSU	Wahrscheinlich CDU/CSU	Wahlkreis verteidigt von CDU/CSU
238	Hof	BY	40	36	45	15	11	19	21	19	25	7	5	9	2	1	3	5	3	6	0	0	0	5	3	7	5	3	7	CDU/CSU	AfD	CDU/CSU	Wahrscheinlich CDU/CSU	Wahlkreis verteidigt von CDU/CSU
239	Kulmbach	BY	46	41	52	12	8	15	19	16	23	8	6	10	2	1	3	4	2	6	0	0	0	5	3	7	5	3	8	CDU/CSU	AfD	CDU/CSU	Mit hoher Wahrscheinlichkeit CDU/CSU	Wahlkreis verteidigt von CDU/CSU
240	Ansbach	BY	38	33	44	14	10	18	20	17	25	10	8	14	2	1	4	6	4	8	0	0	0	5	3	7	5	3	7	CDU/CSU	AfD	CDU/CSU	Wahrscheinlich CDU/CSU	Wahlkreis verteidigt von CDU/CSU
241	Erlangen	BY	38	33	43	18	14	23	14	12	18	16	13	19	3	2	5	4	3	6	0	0	0	2	2	4	4	2	7	CDU/CSU	SPD	CDU/CSU	Wahrscheinlich CDU/CSU	Wahlkreis verteidigt von CDU/CSU
242	Fürth	BY	34	30	39	20	15	23	18	16	21	12	9	15	3	1	4	6	4	8	0	0	0	2	1	3	6	4	8	CDU/CSU	SPD	CDU/CSU	Wahrscheinlich CDU/CSU	Wahlkreis verteidigt von CDU/CSU
243	Nürnberg-Nord	BY	32	29	36	19	15	23	15	13	18	19	16	22	4	2	5	7	5	9	0	0	0	1	1	2	4	2	5	CDU/CSU	SPD	CDU/CSU	Wahrscheinlich CDU/CSU	Wahlkreis verteidigt von CDU/CSU
244	Nürnberg-Süd	BY	35	31	40	15	11	18	22	19	25	12	10	15	3	2	4	7	5	9	0	0	0	3	2	4	4	2	6	CDU/CSU	AfD	CDU/CSU	Wahrscheinlich CDU/CSU	Wahlkreis verteidigt von CDU/CSU
245	Roth	BY	40	35	45	16	12	21	17	14	23	13	10	17	3	1	4	5	3	6	0	0	0	4	2	5	4	2	6	CDU/CSU	AfD	CDU/CSU	Wahrscheinlich CDU/CSU	Wahlkreis verteidigt von CDU/CSU
246	Aschaffenburg	BY	44	40	49	13	9	16	17	15	20	12	9	14	3	2	4	4	2	6	0	0	0	3	2	4	5	3	7	CDU/CSU	AfD	CDU/CSU	Mit hoher Wahrscheinlichkeit CDU/CSU	Wahlkreis verteidigt von CDU/CSU
247	Bad Kissingen	BY	41	35	46	12	9	16	19	16	24	9	6	11	2	1	4	5	3	7	0	0	0	4	3	6	8	5	13	CDU/CSU	AfD	CDU/CSU	Wahrscheinlich CDU/CSU	Wahlkreis verteidigt von CDU/CSU
248	Main-Spessart	BY	40	34	46	15	11	20	18	15	23	10	7	14	2	1	4	5	3	8	0	0	0	5	3	7	4	3	6	CDU/CSU	AfD	CDU/CSU	Wahrscheinlich CDU/CSU	Wahlkreis verteidigt von CDU/CSU
249	Schweinfurt	BY	52	47	58	18	14	22	0	0	0	10	8	13	2	1	4	7	6	10	0	0	0	4	2	5	6	4	9	CDU/CSU	SPD	CDU/CSU	Mit hoher Wahrscheinlichkeit CDU/CSU	Wahlkreis verteidigt von CDU/CSU
250	Würzburg	BY	42	38	48	16	12	20	9	7	13	17	13	21	4	3	6	5	3	6	0	0	0	3	1	4	4	2	6	CDU/CSU	Bündnis 90/Die Grünen	CDU/CSU	Mit hoher Wahrscheinlichkeit CDU/CSU	Wahlkreis verteidigt von CDU/CSU
251	Augsburg-Stadt	BY	30	27	34	14	11	17	19	17	23	19	16	22	4	3	5	7	4	10	0	0	0	3	2	4	5	3	7	CDU/CSU	AfD	CDU/CSU	Wahrscheinlich CDU/CSU	Wahlkreis verteidigt von CDU/CSU
252	Augsburg-Land	BY	42	37	47	11	8	15	18	15	22	12	9	15	3	2	5	5	3	7	0	0	0	6	4	8	4	2	6	CDU/CSU	AfD	CDU/CSU	Wahrscheinlich CDU/CSU	Wahlkreis verteidigt von CDU/CSU
253	Donau-Ries	BY	43	37	50	11	8	15	18	15	23	8	6	11	2	1	3	4	2	6	5	2	9	5	3	7	3	2	5	CDU/CSU	AfD	CDU/CSU	Wahrscheinlich CDU/CSU	Wahlkreis verteidigt von CDU/CSU
254	Neu-Ulm	BY	39	35	44	13	9	17	21	18	26	10	8	14	3	2	4	4	3	6	0	0	0	4	2	6	5	3	7	CDU/CSU	AfD	CDU/CSU	Wahrscheinlich CDU/CSU	Wahlkreis verteidigt von CDU/CSU
255	Memmingen – Unterallgäu	BY	38	33	44	9	6	12	22	18	28	11	8	15	3	1	4	5	3	7	0	0	0	7	4	10	6	3	8	CDU/CSU	AfD	CDU/CSU	Wahrscheinlich CDU/CSU	Wahlkreis verteidigt von CDU/CSU
256	Oberallgäu	BY	32	28	37	14	10	18	18	15	25	16	13	20	5	3	6	4	2	6	0	0	0	6	4	9	4	3	6	CDU/CSU	AfD	CDU/CSU	Wahrscheinlich CDU/CSU	Wahlkreis verteidigt von CDU/CSU
257	Ostallgäu	BY	42	36	48	11	8	14	18	15	24	11	8	14	3	1	4	5	3	7	0	0	0	5	3	7	6	4	10	CDU/CSU	AfD	CDU/CSU	Wahrscheinlich CDU/CSU	Wahlkreis verteidigt von CDU/CSU
258	Stuttgart I	BW	31	27	35	13	10	17	9	7	11	31	27	36	6	4	8	6	4	8	0	0	0	0	0	0	5	2	7	Bündnis 90/Die Grünen	CDU/CSU	Bündnis 90/Die Grünen	Unentschieden	Wahlkreis verteidigt von Bündnis 90/Die Grünen
259	Stuttgart II	BW	27	24	31	22	17	27	17	15	19	18	15	21	4	3	6	5	4	7	0	0	0	0	0	0	6	4	9	CDU/CSU	SPD	CDU/CSU	Tendenz zu CDU/CSU	Wahlkreis verteidigt von CDU/CSU
260	Böblingen	BW	38	34	43	15	11	18	17	15	19	12	10	14	6	4	9	5	3	6	0	0	0	3	2	5	4	2	6	CDU/CSU	AfD	CDU/CSU	Wahrscheinlich CDU/CSU	Wahlkreis verteidigt von CDU/CSU
261	Esslingen	BW	37	33	41	18	14	23	15	13	17	15	13	17	5	3	7	4	3	5	0	0	0	2	1	3	4	2	5	CDU/CSU	SPD	CDU/CSU	Wahrscheinlich CDU/CSU	Wahlkreis verteidigt von CDU/CSU
262	Nürtingen	BW	37	34	41	17	13	21	16	14	19	14	12	17	6	4	7	4	3	6	0	0	0	2	1	3	4	2	6	CDU/CSU	SPD	CDU/CSU	Wahrscheinlich CDU/CSU	Wahlkreis verteidigt von CDU/CSU
263	Göppingen	BW	37	33	42	16	12	20	21	19	24	10	8	12	4	2	5	4	3	6	0	0	0	3	2	5	5	3	6	CDU/CSU	AfD	CDU/CSU	Wahrscheinlich CDU/CSU	Wahlkreis verteidigt von CDU/CSU
264	Waiblingen	BW	35	31	39	19	15	23	18	15	20	13	11	16	6	4	8	4	2	5	0	0	0	3	2	4	3	2	5	CDU/CSU	SPD	CDU/CSU	Wahrscheinlich CDU/CSU	Wahlkreis verteidigt von CDU/CSU
265	Ludwigsburg	BW	35	32	39	13	9	17	17	15	19	17	15	20	6	4	8	4	3	6	0	0	0	3	2	4	5	3	7	CDU/CSU	Bündnis 90/Die Grünen	CDU/CSU	Wahrscheinlich CDU/CSU	Wahlkreis verteidigt von CDU/CSU
266	Neckar-Zaber	BW	37	33	41	17	13	22	18	16	21	13	11	15	4	3	6	4	3	6	0	0	0	2	1	3	4	3	6	CDU/CSU	AfD	CDU/CSU	Wahrscheinlich CDU/CSU	Wahlkreis verteidigt von CDU/CSU
267	Heilbronn	BW	33	29	37	18	14	22	23	21	26	11	9	13	4	3	6	4	3	6	0	0	0	3	2	4	4	3	6	CDU/CSU	AfD	CDU/CSU	Tendenz zu CDU/CSU	Wahlkreis verteidigt von CDU/CSU
268	Schwäbisch Hall – Hohenlohe	BW	37	33	41	14	10	18	21	19	24	12	10	15	4	2	5	4	3	5	0	0	0	0	0	0	8	5	11	CDU/CSU	AfD	CDU/CSU	Wahrscheinlich CDU/CSU	Wahlkreis verteidigt von CDU/CSU
269	Backnang – Schwäbisch Gmünd	BW	36	32	41	17	13	20	21	19	24	9	8	12	4	2	5	5	3	6	0	0	0	3	2	4	6	4	9	CDU/CSU	AfD	CDU/CSU	Wahrscheinlich CDU/CSU	Wahlkreis verteidigt von CDU/CSU
270	Aalen – Heidenheim	BW	40	36	44	15	12	19	19	17	22	11	9	13	3	2	4	4	3	6	0	0	0	3	2	4	5	3	7	CDU/CSU	AfD	CDU/CSU	Wahrscheinlich CDU/CSU	Wahlkreis verteidigt von CDU/CSU
271	Karlsruhe-Stadt	BW	25	22	29	16	13	20	15	13	18	25	21	28	5	4	7	6	5	8	0	0	0	0	0	0	7	4	10	CDU/CSU	Bündnis 90/Die Grünen	Bündnis 90/Die Grünen	Unentschieden	CDU/CSU Gewonnen von Bündnis 90/Die Grünen
272	Karlsruhe-Land	BW	37	32	40	17	13	22	18	16	20	14	12	16	4	3	6	4	3	6	0	0	0	2	1	3	4	2	6	CDU/CSU	AfD	CDU/CSU	Wahrscheinlich CDU/CSU	Wahlkreis verteidigt von CDU/CSU
273	Rastatt	BW	39	35	43	15	12	19	20	18	22	11	9	13	4	3	6	4	3	6	0	0	0	3	2	4	4	2	5	CDU/CSU	AfD	CDU/CSU	Wahrscheinlich CDU/CSU	Wahlkreis verteidigt von CDU/CSU
274	Heidelberg	BW	33	29	37	15	11	18	13	11	15	25	22	28	4	3	6	6	4	8	0	0	0	0	0	0	5	3	8	CDU/CSU	Bündnis 90/Die Grünen	Bündnis 90/Die Grünen	Tendenz zu CDU/CSU	CDU/CSU Gewonnen von Bündnis 90/Die Grünen
275	Mannheim	BW	24	20	27	20	16	24	20	17	22	18	15	20	4	3	6	7	5	9	0	0	0	2	1	3	6	4	9	CDU/CSU	SPD	SPD	Unentschieden	CDU/CSU Gewonnen von SPD
276	Odenwald – Tauber	BW	39	35	44	14	10	18	22	20	25	10	8	12	3	2	5	4	3	6	0	0	0	3	2	5	5	3	6	CDU/CSU	AfD	CDU/CSU	Wahrscheinlich CDU/CSU	Wahlkreis verteidigt von CDU/CSU
277	Rhein-Neckar	BW	36	32	40	17	14	22	19	17	21	13	11	15	4	3	6	5	3	6	0	0	0	2	1	3	4	2	6	CDU/CSU	AfD	CDU/CSU	Wahrscheinlich CDU/CSU	Wahlkreis verteidigt von CDU/CSU
278	Bruchsal – Schwetzingen	BW	35	31	40	16	12	20	21	18	24	12	10	14	4	2	5	4	3	6	0	0	0	4	2	5	4	3	7	CDU/CSU	AfD	CDU/CSU	Wahrscheinlich CDU/CSU	Wahlkreis verteidigt von CDU/CSU
279	Pforzheim	BW	34	30	39	23	17	29	24	21	27	0	0	0	4	3	6	7	5	9	0	0	0	0	0	0	8	5	11	CDU/CSU	AfD	CDU/CSU	Wahrscheinlich CDU/CSU	Wahlkreis verteidigt von CDU/CSU
280	Calw	BW	38	33	43	14	10	17	22	19	25	10	7	12	4	3	6	3	2	4	0	0	0	4	3	6	5	3	7	CDU/CSU	AfD	CDU/CSU	Wahrscheinlich CDU/CSU	Wahlkreis verteidigt von CDU/CSU
281	Freiburg	BW	27	23	31	17	14	21	13	11	15	27	23	30	3	2	5	7	5	10	0	0	0	1	1	2	5	3	7	Bündnis 90/Die Grünen	CDU/CSU	Bündnis 90/Die Grünen	Unentschieden	Wahlkreis verteidigt von Bündnis 90/Die Grünen
282	Lörrach – Müllheim	BW	33	28	37	17	13	22	17	15	20	16	14	19	5	3	7	4	3	6	0	0	0	0	0	0	7	4	10	CDU/CSU	SPD	CDU/CSU	Wahrscheinlich CDU/CSU	Wahlkreis verteidigt von CDU/CSU
283	Emmendingen – Lahr	BW	33	28	37	21	16	26	19	16	23	12	10	15	4	2	5	5	3	7	0	0	0	2	1	3	5	3	7	CDU/CSU	SPD	CDU/CSU	Wahrscheinlich CDU/CSU	Wahlkreis verteidigt von CDU/CSU
284	Offenburg	BW	38	34	42	17	13	21	19	16	22	11	9	13	3	2	5	4	3	6	0	0	0	0	0	0	8	5	12	CDU/CSU	AfD	CDU/CSU	Wahrscheinlich CDU/CSU	Wahlkreis verteidigt von CDU/CSU
285	Rottweil – Tuttlingen	BW	38	33	42	12	9	15	23	21	27	9	7	11	5	3	7	4	2	5	0	0	0	5	3	7	4	3	6	CDU/CSU	AfD	CDU/CSU	Wahrscheinlich CDU/CSU	Wahlkreis verteidigt von CDU/CSU
286	Schwarzwald-Baar	BW	38	34	43	15	12	20	20	18	23	10	8	12	5	3	7	3	2	5	0	0	0	4	2	6	5	3	7	CDU/CSU	AfD	CDU/CSU	Wahrscheinlich CDU/CSU	Wahlkreis verteidigt von CDU/CSU
287	Konstanz	BW	39	35	43	14	10	18	17	15	19	14	12	16	4	2	5	6	4	8	0	0	0	2	1	3	4	2	5	CDU/CSU	AfD	CDU/CSU	Wahrscheinlich CDU/CSU	Wahlkreis verteidigt von CDU/CSU
288	Waldshut	BW	36	31	40	22	17	28	17	15	19	12	10	14	3	2	4	4	3	6	0	0	0	2	1	2	4	3	6	CDU/CSU	SPD	CDU/CSU	Wahrscheinlich CDU/CSU	Wahlkreis verteidigt von CDU/CSU
289	Reutlingen	BW	38	34	41	13	9	16	19	16	21	13	11	16	5	4	7	5	3	6	0	0	0	3	2	4	5	3	7	CDU/CSU	AfD	CDU/CSU	Wahrscheinlich CDU/CSU	Wahlkreis verteidigt von CDU/CSU
290	Tübingen	BW	33	29	36	16	12	20	15	13	18	21	19	24	4	3	6	6	4	8	0	0	0	1	1	2	4	2	6	CDU/CSU	Bündnis 90/Die Grünen	CDU/CSU	Wahrscheinlich CDU/CSU	Wahlkreis verteidigt von CDU/CSU
291	Ulm	BW	37	32	41	14	10	17	17	15	21	16	13	18	4	3	5	5	4	7	0	0	0	3	2	4	5	3	7	CDU/CSU	AfD	CDU/CSU	Wahrscheinlich CDU/CSU	Wahlkreis verteidigt von CDU/CSU
292	Biberach	BW	39	33	43	15	11	20	19	17	23	12	9	14	3	2	5	4	2	5	0	0	0	3	1	4	5	3	8	CDU/CSU	AfD	CDU/CSU	Wahrscheinlich CDU/CSU	Wahlkreis verteidigt von CDU/CSU
293	Bodensee	BW	34	31	38	17	13	21	18	16	21	15	13	17	4	3	6	5	2	7	0	0	0	2	1	3	5	3	6	CDU/CSU	AfD	CDU/CSU	Wahrscheinlich CDU/CSU	Wahlkreis verteidigt von CDU/CSU
294	Ravensburg	BW	36	32	40	12	9	15	17	15	21	17	14	20	5	3	7	4	3	6	0	0	0	3	2	5	5	3	7	CDU/CSU	AfD	CDU/CSU	Wahrscheinlich CDU/CSU	Wahlkreis verteidigt von CDU/CSU
295	Zollernalb – Sigmaringen	BW	35	31	39	14	10	17	21	19	25	14	11	16	5	3	7	4	2	5	0	0	0	4	2	5	4	3	6	CDU/CSU	AfD	CDU/CSU	Wahrscheinlich CDU/CSU	Wahlkreis verteidigt von CDU/CSU
296	Saarbrücken	SL	26	22	30	31	26	36	20	17	22	7	5	9	3	2	4	9	6	11	0	0	0	1	1	2	4	3	6	SPD	CDU/CSU	SPD	Unentschieden	Wahlkreis verteidigt von SPD
297	Saarlouis	SL	32	28	36	25	19	30	21	18	24	6	4	7	3	2	4	7	5	9	0	0	0	2	1	2	5	3	7	CDU/CSU	SPD	SPD	Tendenz zu CDU/CSU	CDU/CSU Gewonnen von SPD
298	St. Wendel	SL	36	31	41	26	21	32	18	16	21	5	4	6	2	1	3	5	4	7	0	0	0	2	1	3	5	3	7	CDU/CSU	SPD	SPD	Tendenz zu CDU/CSU	CDU/CSU Gewonnen von SPD
299	Homburg	SL	28	24	33	29	24	34	22	20	25	5	4	7	2	1	3	7	5	10	0	0	0	2	1	2	4	2	6	SPD	CDU/CSU	SPD	Unentschieden	Wahlkreis verteidigt von SPD
